{"type":"FeatureCollection","features":[{"type":"Feature","properties":{"code":"56","name":"พะเยา"},"geometry":{"type":"MultiPolygon","coordinates":[[[[100.272,18.819],[100.24,18.819],[100.227,18.825],[100.199,18.814],[100.186,18.822],[100.186,18.817],[100.173,18.809],[100.157,18.834],[100.134,18.817],[100.118,18.82],[100.114,18.809],[100.099,18.815],[100.088,18.828],[100.067,18.817],[100.062,18.836],[100.071,18.864],[100.059,18.88],[100.033,18.902],[100.017,18.896],[100.004,18.906],[99.996,18.906],[99.945,18.943],[99.926,18.98],[99.91,18.988],[99.906,18.983],[99.889,18.989],[99.882,19.0],[99.871,18.997],[99.84,19.001],[99.829,19.012],[99.833,19.04],[99.82,19.046],[99.82,19.061],[99.794,19.053],[99.774,19.064],[99.758,19.134],[99.743,19.144],[99.739,19.159],[99.726,19.17],[99.729,19.181],[99.703,19.255],[99.705,19.274],[99.698,19.304],[99.708,19.34],[99.692,19.36],[99.696,19.38],[99.683,19.422],[99.699,19.42],[99.707,19.425],[99.714,19.42],[99.787,19.45],[99.864,19.446],[99.875,19.455],[99.895,19.437],[99.899,19.426],[99.914,19.432],[99.921,19.407],[99.947,19.428],[99.996,19.431],[99.999,19.436],[100.013,19.428],[100.01,19.439],[100.026,19.436],[100.04,19.445],[100.048,19.443],[100.054,19.431],[100.067,19.431],[100.072,19.435],[100.065,19.447],[100.071,19.457],[100.066,19.471],[100.068,19.54],[100.099,19.554],[100.163,19.542],[100.169,19.566],[100.163,19.57],[100.17,19.576],[100.166,19.585],[100.174,19.598],[100.169,19.602],[100.184,19.613],[100.22,19.611],[100.231,19.606],[100.238,19.622],[100.263,19.648],[100.269,19.641],[100.28,19.651],[100.283,19.644],[100.317,19.649],[100.335,19.684],[100.343,19.687],[100.334,19.703],[100.348,19.715],[100.384,19.71],[100.407,19.736],[100.437,19.72],[100.445,19.706],[100.428,19.674],[100.443,19.663],[100.447,19.628],[100.483,19.609],[100.484,19.587],[100.492,19.579],[100.482,19.56],[100.482,19.549],[100.512,19.524],[100.549,19.519],[100.576,19.499],[100.599,19.51],[100.603,19.479],[100.583,19.474],[100.565,19.453],[100.564,19.436],[100.54,19.416],[100.489,19.4],[100.488,19.382],[100.496,19.372],[100.518,19.378],[100.535,19.366],[100.529,19.353],[100.564,19.34],[100.558,19.32],[100.57,19.305],[100.609,19.334],[100.617,19.322],[100.606,19.258],[100.6,19.252],[100.617,19.226],[100.618,19.184],[100.629,19.155],[100.622,19.111],[100.585,19.096],[100.574,19.105],[100.564,19.08],[100.568,19.079],[100.564,19.075],[100.615,19.042],[100.62,19.034],[100.605,19.02],[100.582,19.031],[100.566,19.03],[100.556,19.045],[100.548,19.041],[100.537,19.047],[100.531,19.041],[100.494,19.053],[100.49,19.039],[100.48,19.036],[100.479,19.027],[100.457,19.01],[100.46,19.003],[100.483,19.003],[100.503,18.993],[100.49,18.969],[100.481,18.966],[100.482,18.952],[100.462,18.945],[100.454,18.935],[100.438,18.946],[100.404,18.944],[100.407,18.936],[100.391,18.926],[100.386,18.891],[100.366,18.871],[100.364,18.849],[100.339,18.822],[100.345,18.814],[100.34,18.805],[100.338,18.814],[100.312,18.811],[100.303,18.818],[100.272,18.819]]]]}},{"type":"Feature","properties":{"code":"57","name":"เชียงราย"},"geometry":{"type":"MultiPolygon","coordinates":[[[[99.536,19.163],[99.55,19.157],[99.553,19.145],[99.56,19.142],[99.553,19.123],[99.538,19.11],[99.535,19.095],[99.54,19.085],[99.527,19.076],[99.494,19.077],[99.484,19.071],[99.465,19.036],[99.437,19.009],[99.402,19.0],[99.383,19.043],[99.384,19.064],[99.366,19.069],[99.365,19.079],[99.352,19.087],[99.345,19.086],[99.321,19.126],[99.32,19.165],[99.309,19.175],[99.304,19.194],[99.315,19.209],[99.311,19.225],[99.342,19.269],[99.338,19.298],[99.316,19.35],[99.333,19.362],[99.324,19.396],[99.33,19.399],[99.309,19.432],[99.317,19.455],[99.306,19.473],[99.308,19.488],[99.299,19.486],[99.295,19.493],[99.309,19.527],[99.326,19.539],[99.317,19.554],[99.307,19.555],[99.295,19.57],[99.289,19.581],[99.292,19.594],[99.268,19.611],[99.266,19.625],[99.259,19.629],[99.258,19.65],[99.265,19.664],[99.293,19.679],[99.313,19.708],[99.346,19.712],[99.35,19.725],[99.361,19.728],[99.363,19.777],[99.377,19.782],[99.378,19.796],[99.392,19.814],[99.419,19.813],[99.42,19.821],[99.409,19.832],[99.414,19.845],[99.387,19.869],[99.383,19.89],[99.4,19.912],[99.42,19.918],[99.415,19.933],[99.422,19.963],[99.434,19.964],[99.453,19.981],[99.467,20.007],[99.479,20.013],[99.468,20.022],[99.468,20.033],[99.497,20.051],[99.491,20.071],[99.495,20.08],[99.55,20.104],[99.559,20.1],[99.57,20.108],[99.571,20.122],[99.52,20.138],[99.513,20.147],[99.511,20.152],[99.518,20.153],[99.539,20.147],[99.538,20.165],[99.55,20.175],[99.564,20.205],[99.534,20.232],[99.523,20.233],[99.518,20.265],[99.505,20.294],[99.507,20.326],[99.497,20.342],[99.459,20.364],[99.459,20.394],[99.474,20.396],[99.497,20.386],[99.516,20.362],[99.539,20.356],[99.558,20.358],[99.613,20.332],[99.644,20.344],[99.657,20.329],[99.681,20.317],[99.72,20.33],[99.718,20.342],[99.731,20.35],[99.758,20.339],[99.771,20.342],[99.777,20.335],[99.811,20.336],[99.84,20.374],[99.841,20.402],[99.855,20.415],[99.865,20.446],[99.921,20.446],[99.961,20.465],[99.97,20.459],[99.967,20.455],[99.98,20.45],[99.974,20.444],[99.989,20.436],[99.984,20.43],[99.995,20.422],[99.99,20.418],[100.003,20.413],[100.008,20.419],[100.041,20.393],[100.043,20.398],[100.055,20.388],[100.056,20.396],[100.067,20.394],[100.064,20.386],[100.072,20.388],[100.067,20.375],[100.078,20.381],[100.077,20.374],[100.086,20.369],[100.079,20.363],[100.097,20.313],[100.092,20.268],[100.112,20.251],[100.141,20.247],[100.174,20.247],[100.181,20.265],[100.167,20.296],[100.173,20.303],[100.221,20.317],[100.229,20.332],[100.226,20.354],[100.246,20.368],[100.25,20.386],[100.268,20.4],[100.33,20.399],[100.355,20.378],[100.359,20.355],[100.376,20.351],[100.384,20.311],[100.407,20.281],[100.414,20.255],[100.455,20.228],[100.456,20.199],[100.488,20.179],[100.508,20.15],[100.527,20.143],[100.551,20.175],[100.565,20.176],[100.578,20.169],[100.57,20.098],[100.56,20.086],[100.552,20.031],[100.542,20.023],[100.541,20.004],[100.516,19.94],[100.522,19.929],[100.514,19.909],[100.52,19.903],[100.501,19.883],[100.498,19.867],[100.463,19.857],[100.442,19.837],[100.449,19.826],[100.439,19.792],[100.414,19.78],[100.404,19.753],[100.407,19.736],[100.384,19.71],[100.348,19.715],[100.334,19.703],[100.343,19.687],[100.335,19.684],[100.317,19.649],[100.283,19.644],[100.28,19.651],[100.269,19.641],[100.263,19.648],[100.238,19.622],[100.231,19.606],[100.184,19.613],[100.169,19.602],[100.174,19.598],[100.166,19.585],[100.17,19.576],[100.163,19.57],[100.169,19.566],[100.163,19.542],[100.099,19.554],[100.068,19.54],[100.066,19.471],[100.071,19.457],[100.065,19.447],[100.072,19.435],[100.067,19.431],[100.054,19.431],[100.048,19.443],[100.04,19.445],[100.026,19.436],[100.01,19.439],[100.013,19.428],[99.999,19.436],[99.996,19.431],[99.947,19.428],[99.921,19.407],[99.914,19.432],[99.899,19.426],[99.895,19.437],[99.875,19.455],[99.864,19.446],[99.787,19.45],[99.714,19.42],[99.707,19.425],[99.699,19.42],[99.683,19.422],[99.693,19.383],[99.676,19.392],[99.631,19.384],[99.566,19.418],[99.563,19.404],[99.576,19.389],[99.575,19.362],[99.581,19.354],[99.574,19.345],[99.581,19.338],[99.576,19.328],[99.578,19.294],[99.571,19.293],[99.559,19.259],[99.548,19.253],[99.549,19.224],[99.544,19.221],[99.536,19.163]]]]}},{"type":"Feature","properties":{"code":"54","name":"แพร่"},"geometry":{"type":"MultiPolygon","coordinates":[[[[99.497,17.771],[99.487,17.763],[99.482,17.745],[99.46,17.732],[99.45,17.71],[99.422,17.71],[99.386,17.686],[99.381,17.711],[99.386,17.723],[99.377,17.725],[99.374,17.733],[99.381,17.751],[99.367,17.774],[99.386,17.79],[99.393,17.815],[99.412,17.825],[99.421,17.851],[99.475,17.894],[99.482,17.921],[99.493,17.924],[99.526,17.959],[99.541,17.961],[99.548,17.972],[99.559,17.975],[99.567,17.993],[99.595,18.01],[99.586,18.035],[99.619,18.049],[99.633,18.062],[99.65,18.057],[99.658,18.04],[99.668,18.042],[99.692,18.057],[99.691,18.065],[99.719,18.07],[99.738,18.106],[99.761,18.124],[99.754,18.141],[99.799,18.2],[99.801,18.215],[99.821,18.238],[99.833,18.236],[99.845,18.257],[99.851,18.256],[99.858,18.284],[99.874,18.278],[99.907,18.28],[99.936,18.328],[99.94,18.351],[99.951,18.356],[99.956,18.377],[99.969,18.385],[99.966,18.394],[99.987,18.392],[100.0,18.402],[100.014,18.437],[100.004,18.446],[100.021,18.448],[100.028,18.464],[100.024,18.469],[100.03,18.47],[100.049,18.497],[100.056,18.517],[100.057,18.527],[100.049,18.531],[100.056,18.558],[100.076,18.561],[100.09,18.573],[100.105,18.56],[100.109,18.563],[100.11,18.59],[100.121,18.601],[100.1,18.631],[100.111,18.671],[100.105,18.69],[100.108,18.703],[100.097,18.729],[100.101,18.751],[100.126,18.784],[100.122,18.798],[100.115,18.8],[100.118,18.82],[100.134,18.817],[100.157,18.834],[100.173,18.809],[100.186,18.817],[100.186,18.822],[100.199,18.814],[100.227,18.825],[100.24,18.819],[100.303,18.818],[100.312,18.811],[100.338,18.814],[100.338,18.787],[100.357,18.784],[100.362,18.778],[100.358,18.751],[100.392,18.74],[100.389,18.727],[100.364,18.708],[100.352,18.68],[100.362,18.644],[100.376,18.637],[100.392,18.639],[100.397,18.628],[100.381,18.62],[100.371,18.566],[100.388,18.558],[100.396,18.527],[100.387,18.512],[100.396,18.503],[100.4,18.486],[100.415,18.482],[100.422,18.495],[100.435,18.501],[100.444,18.49],[100.447,18.496],[100.46,18.491],[100.475,18.496],[100.482,18.483],[100.506,18.473],[100.541,18.49],[100.55,18.456],[100.55,18.418],[100.536,18.391],[100.517,18.392],[100.504,18.36],[100.481,18.35],[100.493,18.338],[100.48,18.32],[100.483,18.292],[100.494,18.28],[100.476,18.265],[100.454,18.215],[100.46,18.195],[100.452,18.185],[100.446,18.158],[100.439,18.153],[100.418,18.156],[100.41,18.142],[100.397,18.135],[100.392,18.118],[100.398,18.105],[100.395,18.086],[100.41,18.075],[100.403,18.065],[100.415,18.036],[100.414,18.022],[100.392,18.021],[100.378,18.003],[100.35,17.983],[100.36,17.926],[100.348,17.915],[100.342,17.894],[100.334,17.889],[100.326,17.892],[100.313,17.91],[100.307,17.933],[100.299,17.939],[100.288,17.936],[100.28,17.957],[100.262,17.953],[100.246,17.962],[100.225,17.948],[100.215,17.921],[100.161,17.89],[100.154,17.877],[100.13,17.856],[100.12,17.859],[100.101,17.847],[100.096,17.851],[100.089,17.843],[100.065,17.841],[100.057,17.834],[100.048,17.848],[99.996,17.83],[99.978,17.834],[99.99,17.812],[99.98,17.799],[99.963,17.798],[99.958,17.78],[99.937,17.782],[99.91,17.804],[99.883,17.808],[99.876,17.801],[99.869,17.805],[99.86,17.798],[99.849,17.802],[99.837,17.797],[99.833,17.803],[99.811,17.804],[99.797,17.792],[99.782,17.791],[99.765,17.761],[99.751,17.752],[99.756,17.749],[99.752,17.738],[99.729,17.722],[99.72,17.732],[99.714,17.729],[99.708,17.756],[99.696,17.756],[99.671,17.799],[99.65,17.796],[99.629,17.815],[99.598,17.822],[99.565,17.811],[99.547,17.812],[99.517,17.796],[99.515,17.783],[99.497,17.771]]]]}},{"type":"Feature","properties":{"code":"55","name":"น่าน"},"geometry":{"type":"MultiPolygon","coordinates":[[[[100.552,18.035],[100.521,18.043],[100.503,18.054],[100.481,18.055],[100.424,18.013],[100.414,18.022],[100.415,18.036],[100.403,18.065],[100.41,18.075],[100.395,18.086],[100.398,18.105],[100.392,18.118],[100.397,18.135],[100.41,18.142],[100.418,18.156],[100.439,18.153],[100.446,18.158],[100.452,18.185],[100.46,18.195],[100.454,18.215],[100.476,18.265],[100.494,18.28],[100.483,18.292],[100.48,18.32],[100.493,18.338],[100.481,18.35],[100.504,18.36],[100.517,18.392],[100.536,18.391],[100.55,18.418],[100.55,18.456],[100.541,18.49],[100.506,18.473],[100.482,18.483],[100.475,18.496],[100.46,18.491],[100.447,18.496],[100.444,18.49],[100.435,18.501],[100.422,18.495],[100.415,18.482],[100.4,18.486],[100.396,18.503],[100.387,18.512],[100.396,18.527],[100.388,18.558],[100.371,18.566],[100.381,18.62],[100.397,18.628],[100.392,18.639],[100.376,18.637],[100.362,18.644],[100.352,18.68],[100.364,18.708],[100.389,18.727],[100.392,18.74],[100.358,18.751],[100.362,18.778],[100.357,18.784],[100.338,18.787],[100.345,18.814],[100.339,18.822],[100.364,18.849],[100.366,18.871],[100.386,18.891],[100.391,18.926],[100.407,18.936],[100.404,18.944],[100.438,18.946],[100.454,18.935],[100.462,18.945],[100.482,18.952],[100.481,18.966],[100.49,18.969],[100.503,18.993],[100.483,19.003],[100.46,19.003],[100.457,19.01],[100.479,19.027],[100.48,19.036],[100.49,19.039],[100.494,19.053],[100.531,19.041],[100.537,19.047],[100.548,19.041],[100.556,19.045],[100.566,19.03],[100.582,19.031],[100.605,19.02],[100.62,19.034],[100.564,19.075],[100.568,19.079],[100.564,19.08],[100.574,19.105],[100.585,19.096],[100.622,19.111],[100.629,19.155],[100.618,19.184],[100.617,19.226],[100.6,19.252],[100.606,19.258],[100.617,19.322],[100.609,19.334],[100.57,19.305],[100.558,19.32],[100.564,19.34],[100.529,19.353],[100.535,19.366],[100.518,19.378],[100.496,19.372],[100.488,19.382],[100.489,19.4],[100.54,19.416],[100.564,19.436],[100.565,19.453],[100.583,19.474],[100.603,19.479],[100.599,19.51],[100.603,19.53],[100.611,19.535],[100.609,19.548],[100.651,19.557],[100.66,19.548],[100.672,19.55],[100.758,19.512],[100.756,19.504],[100.764,19.501],[100.767,19.488],[100.816,19.525],[100.848,19.569],[100.86,19.574],[100.859,19.582],[100.883,19.606],[100.893,19.634],[100.917,19.622],[100.943,19.626],[100.975,19.62],[100.982,19.628],[101.014,19.62],[101.024,19.63],[101.035,19.629],[101.062,19.62],[101.067,19.605],[101.087,19.6],[101.096,19.585],[101.116,19.585],[101.123,19.573],[101.17,19.586],[101.197,19.577],[101.206,19.605],[101.244,19.603],[101.247,19.595],[101.262,19.593],[101.281,19.582],[101.288,19.569],[101.274,19.552],[101.285,19.528],[101.267,19.504],[101.266,19.471],[101.239,19.473],[101.236,19.478],[101.21,19.473],[101.211,19.464],[101.205,19.459],[101.215,19.432],[101.195,19.406],[101.196,19.4],[101.187,19.399],[101.19,19.378],[101.204,19.353],[101.219,19.344],[101.229,19.347],[101.241,19.326],[101.227,19.307],[101.24,19.284],[101.25,19.243],[101.26,19.231],[101.245,19.18],[101.253,19.17],[101.257,19.125],[101.294,19.104],[101.298,19.094],[101.316,19.08],[101.325,19.08],[101.333,19.068],[101.341,19.069],[101.357,19.05],[101.336,19.004],[101.31,19.002],[101.305,18.988],[101.291,18.977],[101.296,18.941],[101.274,18.93],[101.275,18.918],[101.254,18.906],[101.246,18.886],[101.255,18.865],[101.254,18.848],[101.243,18.833],[101.248,18.817],[101.258,18.809],[101.249,18.792],[101.252,18.772],[101.244,18.77],[101.236,18.742],[101.224,18.733],[101.234,18.712],[101.257,18.706],[101.272,18.689],[101.259,18.678],[101.242,18.652],[101.242,18.639],[101.226,18.624],[101.182,18.612],[101.183,18.561],[101.149,18.553],[101.138,18.528],[101.104,18.522],[101.098,18.503],[101.092,18.499],[101.093,18.48],[101.082,18.476],[101.054,18.443],[101.055,18.424],[101.08,18.404],[101.086,18.381],[101.074,18.358],[101.055,18.353],[100.998,18.308],[100.98,18.306],[100.963,18.278],[100.94,18.255],[100.926,18.25],[100.913,18.228],[100.925,18.212],[100.908,18.193],[100.906,18.175],[100.914,18.159],[100.889,18.147],[100.884,18.151],[100.876,18.142],[100.875,18.119],[100.857,18.103],[100.85,18.083],[100.819,18.083],[100.81,18.077],[100.801,18.054],[100.777,18.032],[100.776,18.047],[100.763,18.063],[100.753,18.065],[100.726,18.048],[100.718,18.053],[100.717,18.068],[100.706,18.026],[100.681,18.028],[100.67,18.042],[100.623,18.043],[100.61,18.05],[100.592,18.041],[100.577,18.044],[100.573,18.036],[100.552,18.035]]]]}},{"type":"Feature","properties":{"code":"63","name":"ตาก"},"geometry":{"type":"MultiPolygon","coordinates":[[[[99.105,16.05],[99.088,16.043],[99.081,16.007],[99.089,15.98],[99.075,15.962],[99.075,15.952],[99.086,15.948],[99.097,15.931],[99.086,15.912],[99.087,15.887],[99.097,15.871],[99.096,15.832],[99.103,15.821],[99.124,15.814],[99.134,15.798],[99.136,15.789],[99.128,15.767],[99.139,15.731],[99.131,15.725],[99.13,15.706],[99.112,15.668],[99.116,15.634],[99.107,15.616],[99.098,15.611],[99.094,15.583],[99.052,15.564],[99.048,15.555],[99.055,15.525],[99.073,15.512],[99.078,15.5],[99.056,15.444],[99.068,15.42],[99.068,15.395],[99.059,15.395],[99.055,15.382],[99.043,15.376],[99.043,15.346],[99.031,15.335],[99.031,15.303],[99.039,15.289],[99.024,15.279],[99.017,15.265],[99.019,15.247],[99.006,15.239],[99.008,15.208],[99.002,15.185],[98.989,15.187],[98.984,15.18],[98.972,15.191],[98.955,15.247],[98.943,15.253],[98.923,15.247],[98.912,15.268],[98.886,15.275],[98.891,15.29],[98.871,15.325],[98.84,15.349],[98.831,15.346],[98.83,15.356],[98.783,15.409],[98.779,15.424],[98.754,15.441],[98.759,15.472],[98.703,15.502],[98.703,15.51],[98.719,15.506],[98.724,15.518],[98.661,15.599],[98.648,15.633],[98.641,15.638],[98.626,15.626],[98.627,15.639],[98.59,15.645],[98.583,15.66],[98.559,15.651],[98.547,15.682],[98.573,15.785],[98.61,15.876],[98.596,15.875],[98.585,15.917],[98.596,15.96],[98.609,15.972],[98.607,15.985],[98.597,16.009],[98.565,16.03],[98.561,16.038],[98.567,16.056],[98.579,16.061],[98.587,16.075],[98.601,16.073],[98.609,16.061],[98.604,16.053],[98.607,16.044],[98.614,16.04],[98.631,16.048],[98.627,16.062],[98.64,16.061],[98.661,16.073],[98.66,16.083],[98.675,16.095],[98.666,16.11],[98.682,16.112],[98.678,16.126],[98.687,16.133],[98.709,16.135],[98.719,16.123],[98.743,16.119],[98.78,16.126],[98.789,16.111],[98.804,16.104],[98.841,16.13],[98.848,16.128],[98.854,16.156],[98.851,16.161],[98.862,16.17],[98.861,16.187],[98.854,16.193],[98.862,16.198],[98.853,16.215],[98.856,16.224],[98.872,16.239],[98.878,16.23],[98.888,16.248],[98.904,16.254],[98.911,16.269],[98.911,16.298],[98.916,16.306],[98.928,16.307],[98.932,16.329],[98.926,16.345],[98.909,16.348],[98.917,16.358],[98.919,16.385],[98.879,16.426],[98.871,16.423],[98.858,16.43],[98.847,16.419],[98.829,16.422],[98.813,16.394],[98.817,16.385],[98.782,16.366],[98.777,16.345],[98.747,16.347],[98.728,16.333],[98.727,16.316],[98.719,16.31],[98.72,16.296],[98.707,16.294],[98.704,16.273],[98.699,16.269],[98.682,16.282],[98.676,16.271],[98.667,16.292],[98.672,16.317],[98.664,16.319],[98.669,16.326],[98.667,16.346],[98.653,16.352],[98.664,16.367],[98.654,16.371],[98.658,16.378],[98.649,16.394],[98.656,16.4],[98.636,16.412],[98.64,16.431],[98.657,16.452],[98.651,16.472],[98.634,16.478],[98.627,16.496],[98.613,16.507],[98.596,16.538],[98.597,16.547],[98.59,16.543],[98.583,16.548],[98.585,16.559],[98.578,16.557],[98.579,16.567],[98.573,16.569],[98.577,16.574],[98.58,16.566],[98.587,16.567],[98.58,16.575],[98.587,16.586],[98.584,16.599],[98.577,16.598],[98.571,16.606],[98.571,16.632],[98.534,16.636],[98.523,16.65],[98.512,16.644],[98.518,16.693],[98.512,16.696],[98.517,16.701],[98.503,16.699],[98.496,16.691],[98.502,16.714],[98.494,16.716],[98.491,16.709],[98.486,16.717],[98.471,16.714],[98.478,16.719],[98.463,16.728],[98.469,16.738],[98.462,16.749],[98.48,16.748],[98.477,16.764],[98.489,16.773],[98.483,16.782],[98.487,16.791],[98.504,16.785],[98.511,16.798],[98.521,16.791],[98.526,16.798],[98.516,16.798],[98.515,16.805],[98.548,16.815],[98.537,16.83],[98.526,16.827],[98.515,16.837],[98.503,16.832],[98.492,16.842],[98.501,16.864],[98.508,16.867],[98.516,16.857],[98.508,16.88],[98.52,16.878],[98.54,16.861],[98.527,16.884],[98.536,16.899],[98.513,16.903],[98.522,16.918],[98.51,16.917],[98.507,16.911],[98.501,16.918],[98.506,16.928],[98.49,16.923],[98.491,16.934],[98.484,16.941],[98.497,16.95],[98.505,16.944],[98.508,16.948],[98.5,16.957],[98.489,16.958],[98.488,16.971],[98.47,16.971],[98.481,16.98],[98.473,16.994],[98.458,16.991],[98.449,16.997],[98.455,17.022],[98.43,17.022],[98.438,17.036],[98.424,17.038],[98.424,17.044],[98.416,17.043],[98.404,17.056],[98.397,17.047],[98.39,17.061],[98.345,17.048],[98.312,17.079],[98.313,17.089],[98.3,17.091],[98.309,17.101],[98.316,17.095],[98.323,17.111],[98.301,17.108],[98.298,17.127],[98.293,17.114],[98.28,17.116],[98.285,17.144],[98.298,17.146],[98.287,17.156],[98.272,17.152],[98.267,17.161],[98.279,17.174],[98.259,17.176],[98.262,17.188],[98.249,17.183],[98.247,17.211],[98.228,17.205],[98.23,17.213],[98.245,17.223],[98.242,17.23],[98.227,17.221],[98.212,17.229],[98.205,17.25],[98.167,17.263],[98.162,17.279],[98.146,17.292],[98.135,17.293],[98.138,17.3],[98.126,17.32],[98.112,17.32],[98.105,17.354],[98.12,17.373],[98.11,17.376],[98.11,17.386],[98.088,17.396],[98.081,17.39],[98.061,17.42],[98.046,17.43],[98.056,17.442],[98.037,17.452],[97.992,17.511],[97.971,17.508],[97.962,17.528],[97.924,17.539],[97.904,17.586],[97.851,17.625],[97.818,17.662],[97.794,17.679],[97.791,17.692],[97.763,17.725],[97.763,17.745],[97.774,17.751],[97.759,17.77],[97.746,17.77],[97.743,17.785],[97.762,17.776],[97.786,17.785],[97.796,17.777],[97.813,17.785],[97.847,17.779],[97.905,17.813],[97.899,17.83],[97.911,17.854],[97.969,17.868],[97.971,17.847],[97.983,17.837],[97.975,17.823],[97.98,17.823],[97.98,17.814],[97.991,17.81],[97.986,17.807],[97.995,17.788],[97.989,17.786],[97.996,17.786],[97.996,17.776],[98.01,17.769],[98.012,17.749],[98.022,17.739],[98.014,17.74],[98.015,17.733],[98.028,17.721],[98.023,17.71],[98.032,17.71],[98.041,17.675],[98.047,17.665],[98.058,17.663],[98.063,17.649],[98.073,17.648],[98.102,17.622],[98.108,17.583],[98.127,17.568],[98.126,17.559],[98.137,17.541],[98.168,17.547],[98.179,17.537],[98.208,17.54],[98.239,17.55],[98.256,17.573],[98.269,17.58],[98.298,17.576],[98.303,17.566],[98.299,17.553],[98.306,17.549],[98.315,17.527],[98.33,17.469],[98.32,17.444],[98.32,17.435],[98.328,17.429],[98.323,17.417],[98.292,17.408],[98.319,17.38],[98.318,17.365],[98.334,17.349],[98.332,17.329],[98.317,17.321],[98.331,17.302],[98.361,17.288],[98.358,17.275],[98.393,17.242],[98.461,17.276],[98.478,17.277],[98.49,17.27],[98.503,17.28],[98.52,17.281],[98.532,17.274],[98.544,17.283],[98.574,17.285],[98.579,17.299],[98.558,17.294],[98.561,17.318],[98.556,17.337],[98.562,17.351],[98.537,17.362],[98.556,17.396],[98.557,17.42],[98.546,17.433],[98.547,17.446],[98.529,17.452],[98.518,17.478],[98.525,17.495],[98.519,17.512],[98.539,17.551],[98.523,17.573],[98.533,17.62],[98.523,17.679],[98.526,17.708],[98.494,17.781],[98.494,17.814],[98.509,17.813],[98.519,17.825],[98.559,17.797],[98.571,17.81],[98.582,17.801],[98.599,17.803],[98.615,17.78],[98.624,17.777],[98.632,17.785],[98.639,17.814],[98.671,17.834],[98.687,17.78],[98.704,17.762],[98.704,17.743],[98.724,17.727],[98.725,17.717],[98.74,17.707],[98.746,17.693],[98.738,17.683],[98.684,17.666],[98.689,17.655],[98.685,17.645],[98.692,17.631],[98.682,17.597],[98.694,17.586],[98.702,17.556],[98.697,17.514],[98.706,17.501],[98.705,17.486],[98.688,17.473],[98.683,17.459],[98.681,17.446],[98.691,17.424],[98.718,17.465],[98.75,17.468],[98.762,17.483],[98.796,17.5],[98.816,17.501],[98.823,17.512],[98.859,17.511],[98.872,17.493],[98.88,17.491],[98.883,17.511],[98.896,17.528],[98.911,17.535],[98.926,17.524],[98.922,17.513],[98.928,17.507],[98.932,17.474],[98.946,17.469],[98.955,17.475],[98.959,17.464],[98.981,17.465],[99.014,17.423],[99.012,17.415],[99.032,17.411],[99.047,17.386],[99.057,17.388],[99.076,17.372],[99.088,17.376],[99.109,17.359],[99.113,17.372],[99.121,17.365],[99.142,17.36],[99.152,17.345],[99.173,17.336],[99.176,17.348],[99.209,17.374],[99.206,17.38],[99.228,17.406],[99.27,17.4],[99.277,17.331],[99.297,17.304],[99.303,17.274],[99.316,17.269],[99.321,17.244],[99.312,17.189],[99.319,17.157],[99.314,17.145],[99.33,17.137],[99.321,17.127],[99.322,17.112],[99.339,17.093],[99.364,17.092],[99.37,17.098],[99.385,17.082],[99.393,17.083],[99.387,17.07],[99.394,17.055],[99.393,17.03],[99.397,17.023],[99.416,17.018],[99.445,16.961],[99.445,16.946],[99.453,16.939],[99.446,16.916],[99.448,16.89],[99.462,16.882],[99.469,16.867],[99.458,16.864],[99.438,16.871],[99.43,16.865],[99.417,16.866],[99.414,16.847],[99.382,16.836],[99.387,16.811],[99.377,16.812],[99.368,16.805],[99.325,16.815],[99.317,16.797],[99.292,16.784],[99.306,16.769],[99.303,16.739],[99.295,16.718],[99.282,16.707],[99.283,16.689],[99.272,16.684],[99.272,16.669],[99.266,16.671],[99.247,16.662],[99.243,16.624],[99.255,16.604],[99.251,16.59],[99.257,16.583],[99.257,16.568],[99.245,16.555],[99.241,16.534],[99.23,16.535],[99.219,16.527],[99.191,16.539],[99.191,16.531],[99.18,16.532],[99.171,16.521],[99.167,16.512],[99.173,16.51],[99.164,16.503],[99.162,16.507],[99.154,16.5],[99.139,16.5],[99.122,16.475],[99.107,16.481],[99.067,16.461],[99.045,16.42],[99.02,16.418],[99.016,16.388],[99.036,16.384],[99.045,16.353],[99.042,16.339],[99.052,16.33],[99.054,16.309],[99.042,16.292],[99.049,16.259],[99.08,16.216],[99.068,16.165],[99.051,16.16],[99.051,16.137],[99.078,16.127],[99.094,16.103],[99.109,16.099],[99.108,16.085],[99.116,16.075],[99.115,16.061],[99.105,16.05]]]]}},{"type":"Feature","properties":{"code":"64","name":"สุโขทัย"},"geometry":{"type":"MultiPolygon","coordinates":[[[[99.868,16.76],[99.845,16.715],[99.833,16.715],[99.828,16.724],[99.815,16.72],[99.804,16.712],[99.81,16.699],[99.793,16.686],[99.764,16.684],[99.765,16.717],[99.742,16.729],[99.746,16.743],[99.704,16.717],[99.695,16.719],[99.694,16.731],[99.676,16.728],[99.653,16.747],[99.643,16.743],[99.623,16.758],[99.601,16.791],[99.582,16.803],[99.571,16.859],[99.561,16.86],[99.568,16.853],[99.548,16.863],[99.543,16.859],[99.543,16.844],[99.531,16.825],[99.513,16.87],[99.515,16.89],[99.489,16.914],[99.47,16.901],[99.462,16.882],[99.448,16.89],[99.446,16.916],[99.453,16.939],[99.445,16.946],[99.445,16.961],[99.416,17.018],[99.397,17.023],[99.393,17.03],[99.394,17.055],[99.387,17.07],[99.393,17.083],[99.385,17.082],[99.37,17.098],[99.364,17.092],[99.339,17.093],[99.322,17.112],[99.321,17.127],[99.33,17.137],[99.314,17.145],[99.319,17.157],[99.312,17.189],[99.318,17.214],[99.314,17.219],[99.321,17.244],[99.316,17.269],[99.34,17.267],[99.359,17.249],[99.373,17.213],[99.393,17.206],[99.401,17.221],[99.419,17.219],[99.419,17.227],[99.427,17.232],[99.439,17.23],[99.445,17.243],[99.441,17.252],[99.456,17.254],[99.455,17.309],[99.476,17.326],[99.469,17.368],[99.456,17.369],[99.442,17.389],[99.429,17.392],[99.427,17.409],[99.43,17.418],[99.44,17.421],[99.443,17.434],[99.433,17.435],[99.415,17.45],[99.418,17.458],[99.406,17.471],[99.419,17.488],[99.421,17.519],[99.439,17.527],[99.43,17.549],[99.435,17.563],[99.413,17.575],[99.422,17.592],[99.419,17.6],[99.426,17.609],[99.44,17.61],[99.447,17.6],[99.454,17.6],[99.447,17.644],[99.451,17.655],[99.466,17.661],[99.476,17.677],[99.47,17.691],[99.478,17.725],[99.471,17.738],[99.482,17.745],[99.487,17.763],[99.505,17.781],[99.515,17.783],[99.517,17.796],[99.547,17.812],[99.565,17.811],[99.598,17.822],[99.629,17.815],[99.65,17.796],[99.671,17.799],[99.696,17.756],[99.708,17.756],[99.714,17.729],[99.72,17.732],[99.724,17.723],[99.736,17.723],[99.752,17.738],[99.756,17.749],[99.751,17.752],[99.765,17.761],[99.782,17.791],[99.797,17.792],[99.811,17.804],[99.86,17.798],[99.869,17.805],[99.883,17.803],[99.883,17.808],[99.922,17.786],[99.923,17.769],[99.912,17.763],[99.945,17.723],[99.963,17.711],[99.977,17.658],[99.966,17.633],[99.976,17.622],[99.94,17.592],[99.924,17.587],[99.928,17.564],[99.94,17.55],[99.941,17.536],[99.931,17.522],[99.933,17.507],[99.94,17.495],[99.956,17.506],[99.967,17.493],[99.972,17.496],[99.981,17.487],[99.981,17.473],[99.999,17.467],[100.007,17.456],[100.02,17.459],[100.031,17.444],[100.016,17.417],[99.996,17.416],[99.992,17.406],[100.01,17.38],[100.0,17.369],[100.008,17.361],[100.001,17.355],[100.012,17.336],[99.993,17.313],[100.002,17.297],[99.98,17.285],[99.955,17.243],[99.973,17.241],[99.958,17.231],[99.982,17.216],[99.971,17.211],[99.973,17.199],[99.984,17.19],[99.973,17.165],[99.951,17.168],[99.959,17.146],[99.959,17.118],[99.973,17.102],[99.983,17.101],[99.985,17.078],[99.998,17.086],[100.014,17.071],[100.005,17.045],[100.016,17.034],[100.031,17.022],[100.041,17.022],[100.044,17.011],[100.061,17.013],[100.077,16.992],[100.087,16.988],[100.094,16.993],[100.101,16.974],[100.108,16.974],[100.098,16.97],[100.104,16.967],[100.11,16.945],[100.111,16.915],[100.101,16.914],[100.095,16.895],[100.09,16.897],[100.085,16.889],[100.077,16.893],[100.065,16.884],[100.047,16.893],[100.011,16.889],[100.007,16.869],[99.999,16.862],[99.994,16.868],[99.974,16.861],[99.95,16.87],[99.943,16.866],[99.942,16.829],[99.917,16.808],[99.89,16.798],[99.878,16.781],[99.877,16.767],[99.868,16.76]]]]}},{"type":"Feature","properties":{"code":"61","name":"อุทัยธานี"},"geometry":{"type":"MultiPolygon","coordinates":[[[[100.038,15.291],[100.021,15.292],[100.003,15.302],[99.961,15.301],[99.958,15.307],[99.885,15.288],[99.878,15.29],[99.872,15.305],[99.85,15.312],[99.808,15.318],[99.757,15.312],[99.764,15.308],[99.763,15.3],[99.753,15.296],[99.738,15.267],[99.732,15.269],[99.734,15.259],[99.727,15.26],[99.735,15.242],[99.73,15.239],[99.732,15.209],[99.76,15.175],[99.748,15.164],[99.771,15.141],[99.768,15.13],[99.789,15.099],[99.791,15.086],[99.773,15.059],[99.777,15.053],[99.769,15.023],[99.739,15.005],[99.726,14.989],[99.72,14.976],[99.731,14.964],[99.694,14.966],[99.702,14.976],[99.683,14.976],[99.666,14.988],[99.628,14.988],[99.624,14.98],[99.63,14.971],[99.63,14.938],[99.603,14.947],[99.579,14.947],[99.559,14.962],[99.524,14.969],[99.517,14.983],[99.451,14.993],[99.445,14.983],[99.426,15.007],[99.416,15.037],[99.42,15.049],[99.405,15.044],[99.394,15.05],[99.365,15.049],[99.339,15.082],[99.32,15.081],[99.322,15.073],[99.299,15.054],[99.301,15.043],[99.296,15.037],[99.307,15.025],[99.3,15.013],[99.285,15.007],[99.277,14.99],[99.256,14.987],[99.234,15.012],[99.204,15.014],[99.192,15.029],[99.181,15.017],[99.162,15.015],[99.135,15.038],[99.147,15.047],[99.143,15.052],[99.119,15.055],[99.113,15.044],[99.085,15.039],[99.068,15.048],[99.051,15.043],[99.029,15.049],[99.01,15.069],[99.0,15.071],[99.01,15.086],[98.998,15.105],[99.0,15.137],[99.007,15.144],[99.0,15.164],[98.984,15.18],[98.989,15.187],[99.002,15.185],[99.008,15.208],[99.006,15.239],[99.019,15.247],[99.017,15.265],[99.024,15.279],[99.039,15.289],[99.031,15.303],[99.031,15.335],[99.043,15.346],[99.043,15.376],[99.055,15.382],[99.059,15.395],[99.068,15.395],[99.068,15.42],[99.056,15.444],[99.078,15.5],[99.073,15.512],[99.055,15.525],[99.048,15.555],[99.052,15.564],[99.094,15.583],[99.098,15.611],[99.107,15.616],[99.116,15.634],[99.112,15.668],[99.13,15.706],[99.131,15.725],[99.139,15.731],[99.128,15.767],[99.136,15.789],[99.134,15.798],[99.161,15.791],[99.166,15.778],[99.187,15.784],[99.202,15.767],[99.217,15.768],[99.227,15.749],[99.239,15.741],[99.246,15.722],[99.276,15.718],[99.288,15.697],[99.319,15.688],[99.332,15.692],[99.36,15.677],[99.372,15.664],[99.368,15.65],[99.379,15.625],[99.423,15.614],[99.426,15.605],[99.463,15.58],[99.47,15.565],[99.496,15.569],[99.512,15.562],[99.549,15.588],[99.564,15.592],[99.596,15.63],[99.628,15.641],[99.665,15.668],[99.705,15.685],[99.718,15.682],[99.732,15.688],[99.795,15.642],[99.863,15.618],[99.868,15.656],[99.932,15.673],[99.942,15.62],[99.94,15.535],[99.948,15.502],[99.959,15.507],[99.974,15.492],[100.001,15.482],[100.013,15.491],[100.009,15.502],[100.035,15.51],[100.024,15.482],[100.013,15.473],[100.039,15.461],[100.05,15.443],[100.061,15.439],[100.054,15.425],[100.077,15.427],[100.102,15.417],[100.088,15.407],[100.09,15.396],[100.107,15.38],[100.105,15.374],[100.079,15.38],[100.075,15.369],[100.098,15.352],[100.1,15.337],[100.078,15.316],[100.078,15.296],[100.062,15.284],[100.058,15.264],[100.048,15.265],[100.038,15.291]]]]}},{"type":"Feature","properties":{"code":"62","name":"กำแพงเพชร"},"geometry":{"type":"MultiPolygon","coordinates":[[[[99.807,15.944],[99.805,15.92],[99.787,15.927],[99.77,15.919],[99.772,15.899],[99.751,15.88],[99.74,15.858],[99.728,15.872],[99.709,15.88],[99.682,15.867],[99.647,15.908],[99.628,15.915],[99.594,15.911],[99.581,15.903],[99.556,15.906],[99.554,15.916],[99.54,15.926],[99.528,15.921],[99.502,15.929],[99.478,15.921],[99.481,15.911],[99.476,15.903],[99.446,15.902],[99.431,15.909],[99.425,15.921],[99.413,15.91],[99.405,15.911],[99.373,15.916],[99.357,15.926],[99.33,15.911],[99.319,15.928],[99.319,15.917],[99.31,15.917],[99.309,15.904],[99.297,15.909],[99.29,15.905],[99.29,15.892],[99.271,15.912],[99.267,15.907],[99.234,15.929],[99.222,15.945],[99.218,15.937],[99.208,15.949],[99.204,15.936],[99.194,15.945],[99.186,15.929],[99.172,15.937],[99.173,15.928],[99.153,15.92],[99.148,15.909],[99.138,15.906],[99.129,15.913],[99.095,15.883],[99.087,15.887],[99.086,15.912],[99.097,15.931],[99.086,15.948],[99.075,15.952],[99.075,15.962],[99.089,15.98],[99.081,16.007],[99.083,16.026],[99.088,16.043],[99.105,16.05],[99.115,16.061],[99.116,16.075],[99.108,16.085],[99.109,16.099],[99.094,16.103],[99.078,16.127],[99.051,16.137],[99.051,16.16],[99.068,16.165],[99.08,16.216],[99.049,16.259],[99.042,16.292],[99.054,16.309],[99.052,16.33],[99.042,16.339],[99.045,16.353],[99.036,16.384],[99.016,16.388],[99.02,16.418],[99.045,16.42],[99.067,16.461],[99.107,16.481],[99.122,16.475],[99.139,16.5],[99.154,16.5],[99.162,16.507],[99.164,16.503],[99.173,16.51],[99.167,16.512],[99.171,16.521],[99.18,16.532],[99.191,16.531],[99.191,16.539],[99.219,16.527],[99.23,16.535],[99.241,16.534],[99.245,16.555],[99.257,16.568],[99.257,16.583],[99.251,16.59],[99.255,16.604],[99.243,16.624],[99.243,16.64],[99.247,16.662],[99.266,16.671],[99.272,16.669],[99.272,16.684],[99.283,16.689],[99.282,16.707],[99.295,16.718],[99.303,16.739],[99.306,16.769],[99.292,16.784],[99.317,16.797],[99.325,16.815],[99.368,16.805],[99.377,16.812],[99.387,16.811],[99.382,16.836],[99.414,16.847],[99.417,16.866],[99.43,16.865],[99.438,16.871],[99.458,16.864],[99.469,16.867],[99.462,16.882],[99.47,16.901],[99.489,16.914],[99.515,16.89],[99.513,16.87],[99.531,16.825],[99.543,16.844],[99.543,16.859],[99.548,16.863],[99.568,16.853],[99.561,16.86],[99.571,16.859],[99.582,16.803],[99.601,16.791],[99.623,16.758],[99.643,16.743],[99.653,16.747],[99.676,16.728],[99.694,16.731],[99.695,16.719],[99.704,16.717],[99.746,16.743],[99.742,16.729],[99.765,16.717],[99.764,16.684],[99.793,16.686],[99.81,16.699],[99.804,16.712],[99.815,16.72],[99.828,16.724],[99.833,16.715],[99.845,16.715],[99.853,16.736],[99.873,16.714],[99.887,16.714],[99.895,16.706],[99.886,16.694],[99.892,16.687],[99.888,16.674],[99.895,16.668],[99.898,16.633],[99.91,16.622],[99.925,16.581],[99.934,16.577],[99.994,16.578],[100.004,16.579],[100.007,16.586],[100.015,16.581],[100.011,16.522],[100.025,16.52],[100.035,16.502],[100.0,16.45],[100.003,16.438],[99.994,16.387],[99.983,16.375],[100.007,16.336],[100.022,16.338],[100.027,16.332],[100.019,16.322],[100.019,16.301],[100.033,16.284],[100.021,16.252],[100.046,16.208],[100.025,16.192],[100.016,16.153],[99.939,16.069],[99.932,16.054],[99.917,16.049],[99.894,16.054],[99.872,16.043],[99.845,16.017],[99.846,15.981],[99.828,15.963],[99.825,15.95],[99.807,15.944]]]]}},{"type":"Feature","properties":{"code":"60","name":"นครสวรรค์"},"geometry":{"type":"MultiPolygon","coordinates":[[[[100.516,15.144],[100.491,15.121],[100.477,15.114],[100.458,15.115],[100.457,15.104],[100.423,15.053],[100.354,15.101],[100.356,15.116],[100.346,15.128],[100.336,15.162],[100.318,15.158],[100.297,15.181],[100.29,15.219],[100.275,15.224],[100.278,15.249],[100.27,15.255],[100.264,15.287],[100.255,15.291],[100.251,15.305],[100.263,15.314],[100.264,15.326],[100.264,15.334],[100.253,15.341],[100.252,15.356],[100.233,15.369],[100.213,15.354],[100.217,15.364],[100.182,15.381],[100.163,15.381],[100.144,15.391],[100.14,15.404],[100.129,15.405],[100.125,15.412],[100.077,15.427],[100.054,15.425],[100.061,15.439],[100.05,15.443],[100.039,15.461],[100.013,15.473],[100.024,15.482],[100.035,15.51],[100.009,15.502],[100.013,15.491],[100.001,15.482],[99.974,15.492],[99.959,15.507],[99.948,15.502],[99.94,15.535],[99.942,15.62],[99.932,15.673],[99.868,15.656],[99.863,15.618],[99.795,15.642],[99.732,15.688],[99.718,15.682],[99.705,15.685],[99.665,15.668],[99.628,15.641],[99.596,15.63],[99.564,15.592],[99.549,15.588],[99.512,15.562],[99.496,15.569],[99.47,15.565],[99.463,15.58],[99.426,15.605],[99.423,15.614],[99.379,15.625],[99.368,15.65],[99.372,15.664],[99.36,15.677],[99.332,15.692],[99.319,15.688],[99.288,15.697],[99.276,15.718],[99.246,15.722],[99.239,15.741],[99.227,15.749],[99.217,15.768],[99.202,15.767],[99.187,15.784],[99.166,15.778],[99.161,15.791],[99.134,15.798],[99.124,15.814],[99.103,15.821],[99.096,15.832],[99.097,15.871],[99.087,15.887],[99.095,15.883],[99.129,15.913],[99.138,15.906],[99.148,15.909],[99.153,15.92],[99.173,15.928],[99.172,15.937],[99.186,15.929],[99.194,15.945],[99.204,15.936],[99.208,15.949],[99.218,15.937],[99.222,15.945],[99.234,15.929],[99.267,15.907],[99.271,15.912],[99.29,15.892],[99.29,15.905],[99.297,15.909],[99.309,15.904],[99.31,15.917],[99.319,15.917],[99.319,15.928],[99.33,15.911],[99.357,15.926],[99.373,15.916],[99.405,15.911],[99.413,15.91],[99.425,15.921],[99.431,15.909],[99.446,15.902],[99.476,15.903],[99.481,15.911],[99.478,15.921],[99.502,15.929],[99.528,15.921],[99.54,15.926],[99.554,15.916],[99.556,15.906],[99.581,15.903],[99.594,15.911],[99.628,15.915],[99.647,15.908],[99.682,15.867],[99.709,15.88],[99.728,15.872],[99.74,15.858],[99.751,15.88],[99.772,15.899],[99.77,15.919],[99.787,15.927],[99.805,15.92],[99.807,15.944],[99.825,15.95],[99.828,15.963],[99.846,15.981],[99.845,16.017],[99.872,16.043],[99.894,16.054],[99.917,16.049],[99.932,16.054],[99.939,16.069],[100.016,16.153],[100.025,16.192],[100.044,16.168],[100.063,16.16],[100.076,16.163],[100.077,16.147],[100.086,16.143],[100.077,16.125],[100.095,16.111],[100.096,16.095],[100.114,16.079],[100.109,16.076],[100.119,16.055],[100.116,16.047],[100.131,16.036],[100.128,16.026],[100.149,15.989],[100.161,15.98],[100.161,15.961],[100.181,15.929],[100.187,15.935],[100.217,15.928],[100.24,15.934],[100.242,15.953],[100.258,15.955],[100.267,15.94],[100.276,15.944],[100.309,15.961],[100.306,15.974],[100.313,15.978],[100.323,15.974],[100.322,15.988],[100.339,15.979],[100.343,15.965],[100.331,15.941],[100.388,15.939],[100.399,15.933],[100.416,15.945],[100.449,15.934],[100.459,15.942],[100.474,15.936],[100.521,15.94],[100.536,15.924],[100.547,15.927],[100.617,15.983],[100.626,16.003],[100.654,16.007],[100.702,15.989],[100.738,15.989],[100.75,15.969],[100.756,15.943],[100.768,15.936],[100.764,15.911],[100.779,15.897],[100.798,15.892],[100.8,15.865],[100.79,15.844],[100.82,15.747],[100.819,15.712],[100.827,15.684],[100.833,15.681],[100.826,15.676],[100.826,15.646],[100.818,15.631],[100.825,15.614],[100.808,15.594],[100.818,15.586],[100.814,15.579],[100.832,15.564],[100.794,15.539],[100.769,15.534],[100.754,15.514],[100.745,15.512],[100.769,15.496],[100.769,15.462],[100.711,15.442],[100.68,15.452],[100.644,15.417],[100.642,15.392],[100.63,15.386],[100.625,15.358],[100.635,15.348],[100.63,15.341],[100.634,15.323],[100.623,15.32],[100.612,15.295],[100.594,15.288],[100.597,15.279],[100.59,15.268],[100.597,15.269],[100.613,15.244],[100.589,15.233],[100.587,15.224],[100.557,15.196],[100.532,15.183],[100.516,15.144]]]]}},{"type":"Feature","properties":{"code":"67","name":"เพชรบูรณ์"},"geometry":{"type":"MultiPolygon","coordinates":[[[[101.303,15.501],[101.307,15.472],[101.298,15.456],[101.307,15.435],[101.303,15.431],[101.305,15.393],[101.278,15.363],[101.248,15.354],[101.202,15.326],[101.183,15.327],[101.176,15.334],[101.153,15.333],[101.147,15.339],[101.111,15.336],[101.112,15.342],[101.105,15.34],[101.106,15.344],[101.082,15.352],[101.054,15.32],[101.041,15.326],[101.029,15.323],[101.023,15.339],[100.994,15.32],[100.986,15.325],[100.978,15.337],[100.984,15.348],[100.975,15.417],[100.948,15.406],[100.932,15.415],[100.924,15.435],[100.933,15.469],[100.927,15.483],[100.911,15.49],[100.911,15.501],[100.889,15.515],[100.884,15.53],[100.854,15.527],[100.855,15.548],[100.833,15.553],[100.832,15.564],[100.814,15.579],[100.818,15.586],[100.808,15.594],[100.825,15.614],[100.818,15.631],[100.826,15.646],[100.826,15.676],[100.833,15.681],[100.827,15.684],[100.819,15.712],[100.82,15.747],[100.79,15.844],[100.8,15.865],[100.798,15.892],[100.779,15.897],[100.764,15.911],[100.766,15.931],[100.799,15.936],[100.791,15.958],[100.778,15.966],[100.782,15.994],[100.727,16.022],[100.669,16.03],[100.657,16.048],[100.635,16.046],[100.643,16.051],[100.654,16.102],[100.655,16.126],[100.644,16.14],[100.707,16.242],[100.719,16.251],[100.718,16.258],[100.694,16.249],[100.669,16.25],[100.676,16.263],[100.672,16.257],[100.663,16.268],[100.649,16.308],[100.667,16.351],[100.707,16.386],[100.704,16.411],[100.709,16.418],[100.724,16.423],[100.741,16.419],[100.762,16.432],[100.772,16.426],[100.787,16.449],[100.805,16.45],[100.794,16.472],[100.817,16.483],[100.815,16.496],[100.833,16.505],[100.834,16.519],[100.848,16.523],[100.846,16.54],[100.858,16.548],[100.846,16.579],[100.854,16.615],[100.865,16.619],[100.861,16.638],[100.888,16.668],[100.905,16.671],[100.925,16.666],[100.932,16.68],[100.942,16.681],[100.938,16.688],[100.929,16.686],[100.934,16.696],[100.924,16.702],[100.923,16.711],[100.931,16.71],[100.931,16.718],[100.914,16.731],[100.923,16.746],[100.919,16.759],[100.899,16.763],[100.895,16.774],[100.906,16.782],[100.903,16.802],[100.917,16.792],[100.937,16.796],[100.949,16.791],[100.957,16.801],[100.955,16.825],[100.962,16.831],[100.979,16.826],[100.981,16.835],[100.973,16.842],[100.979,16.841],[100.981,16.848],[100.993,16.855],[101.013,16.858],[101.026,16.872],[101.031,16.893],[101.044,16.904],[101.092,16.9],[101.107,16.907],[101.116,16.932],[101.118,16.978],[101.111,17.006],[101.116,17.019],[101.152,17.033],[101.169,17.039],[101.173,17.052],[101.188,17.065],[101.206,17.068],[101.222,17.06],[101.229,17.068],[101.223,17.085],[101.243,17.109],[101.25,17.112],[101.273,17.096],[101.279,17.098],[101.305,17.116],[101.307,17.13],[101.352,17.168],[101.382,17.17],[101.398,17.178],[101.451,17.142],[101.459,17.099],[101.475,17.089],[101.489,17.059],[101.496,17.021],[101.504,17.01],[101.533,17.023],[101.544,17.015],[101.551,16.995],[101.575,16.984],[101.587,16.996],[101.608,16.999],[101.629,17.045],[101.65,17.042],[101.645,17.029],[101.675,16.976],[101.672,16.958],[101.678,16.94],[101.692,16.936],[101.678,16.884],[101.684,16.869],[101.677,16.867],[101.681,16.858],[101.688,16.858],[101.684,16.849],[101.69,16.848],[101.693,16.836],[101.7,16.828],[101.706,16.83],[101.721,16.807],[101.719,16.8],[101.701,16.81],[101.687,16.799],[101.728,16.753],[101.788,16.764],[101.783,16.754],[101.79,16.747],[101.786,16.743],[101.792,16.727],[101.776,16.713],[101.772,16.687],[101.766,16.68],[101.752,16.677],[101.751,16.668],[101.744,16.669],[101.741,16.66],[101.725,16.651],[101.689,16.686],[101.657,16.689],[101.634,16.68],[101.618,16.686],[101.602,16.708],[101.592,16.709],[101.587,16.724],[101.554,16.728],[101.554,16.712],[101.571,16.692],[101.578,16.673],[101.572,16.648],[101.561,16.649],[101.547,16.668],[101.538,16.666],[101.527,16.679],[101.511,16.677],[101.509,16.655],[101.526,16.62],[101.5,16.611],[101.497,16.561],[101.51,16.559],[101.52,16.55],[101.516,16.543],[101.503,16.546],[101.505,16.539],[101.497,16.539],[101.484,16.524],[101.472,16.529],[101.465,16.513],[101.473,16.479],[101.443,16.438],[101.418,16.423],[101.417,16.411],[101.398,16.401],[101.408,16.384],[101.381,16.36],[101.379,16.317],[101.367,16.293],[101.37,16.276],[101.353,16.26],[101.372,16.244],[101.368,16.225],[101.378,16.187],[101.363,16.186],[101.363,16.177],[101.341,16.154],[101.345,16.143],[101.325,16.061],[101.33,16.054],[101.323,16.041],[101.341,16.012],[101.343,16.002],[101.337,15.992],[101.358,15.963],[101.374,15.968],[101.37,15.939],[101.361,15.923],[101.374,15.919],[101.353,15.889],[101.332,15.881],[101.327,15.852],[101.332,15.85],[101.324,15.833],[101.332,15.83],[101.327,15.807],[101.331,15.803],[101.317,15.79],[101.328,15.785],[101.339,15.767],[101.335,15.754],[101.348,15.75],[101.339,15.747],[101.338,15.721],[101.351,15.662],[101.34,15.637],[101.321,15.616],[101.306,15.55],[101.288,15.531],[101.298,15.529],[101.303,15.519],[101.303,15.501]]]]}},{"type":"Feature","properties":{"code":"65","name":"พิษณุโลก"},"geometry":{"type":"MultiPolygon","coordinates":[[[[100.667,16.351],[100.653,16.322],[100.626,16.327],[100.62,16.349],[100.636,16.375],[100.63,16.398],[100.604,16.412],[100.606,16.418],[100.595,16.416],[100.568,16.46],[100.585,16.472],[100.587,16.52],[100.578,16.523],[100.58,16.576],[100.576,16.586],[100.559,16.572],[100.526,16.566],[100.51,16.574],[100.505,16.553],[100.483,16.543],[100.471,16.52],[100.431,16.516],[100.425,16.536],[100.386,16.554],[100.369,16.55],[100.377,16.546],[100.36,16.535],[100.324,16.526],[100.265,16.537],[100.244,16.532],[100.234,16.555],[100.232,16.616],[100.216,16.633],[100.216,16.648],[100.203,16.643],[100.192,16.646],[100.196,16.636],[100.192,16.628],[100.204,16.625],[100.201,16.618],[100.195,16.62],[100.197,16.609],[100.176,16.599],[100.186,16.586],[100.146,16.596],[100.119,16.614],[100.098,16.607],[100.086,16.597],[100.09,16.588],[100.074,16.578],[100.047,16.571],[100.034,16.583],[100.013,16.575],[100.015,16.581],[100.007,16.586],[100.004,16.579],[99.994,16.578],[99.934,16.577],[99.925,16.581],[99.91,16.622],[99.898,16.633],[99.895,16.668],[99.888,16.674],[99.892,16.687],[99.886,16.694],[99.895,16.706],[99.887,16.714],[99.873,16.714],[99.853,16.736],[99.877,16.767],[99.878,16.781],[99.89,16.798],[99.917,16.808],[99.942,16.829],[99.943,16.866],[99.95,16.87],[99.974,16.861],[99.994,16.868],[99.999,16.862],[100.007,16.869],[100.011,16.889],[100.047,16.893],[100.065,16.884],[100.077,16.893],[100.085,16.889],[100.1,16.9],[100.101,16.914],[100.111,16.915],[100.11,16.945],[100.104,16.967],[100.098,16.97],[100.108,16.974],[100.101,16.974],[100.094,16.993],[100.087,16.988],[100.077,16.992],[100.061,17.013],[100.044,17.011],[100.041,17.022],[100.031,17.022],[100.005,17.045],[100.014,17.071],[99.998,17.086],[99.985,17.078],[99.983,17.101],[99.973,17.102],[99.959,17.118],[99.959,17.146],[99.951,17.168],[99.955,17.171],[99.983,17.155],[99.993,17.159],[100.009,17.151],[99.996,17.138],[100.014,17.139],[100.037,17.181],[100.091,17.189],[100.137,17.18],[100.149,17.186],[100.155,17.169],[100.162,17.167],[100.168,17.202],[100.206,17.207],[100.248,17.238],[100.253,17.248],[100.237,17.317],[100.243,17.352],[100.306,17.382],[100.324,17.369],[100.33,17.387],[100.373,17.392],[100.392,17.404],[100.42,17.411],[100.427,17.421],[100.47,17.421],[100.484,17.418],[100.501,17.429],[100.513,17.404],[100.531,17.417],[100.59,17.42],[100.603,17.428],[100.603,17.444],[100.614,17.465],[100.629,17.475],[100.645,17.474],[100.641,17.49],[100.671,17.502],[100.69,17.523],[100.74,17.542],[100.747,17.558],[100.774,17.583],[100.776,17.601],[100.79,17.613],[100.802,17.638],[100.843,17.654],[100.853,17.681],[100.871,17.707],[100.889,17.716],[100.904,17.715],[100.914,17.699],[100.956,17.701],[100.977,17.716],[100.988,17.743],[101.008,17.731],[101.005,17.704],[101.0,17.699],[101.009,17.7],[100.992,17.674],[100.991,17.619],[100.976,17.596],[100.968,17.593],[100.967,17.571],[100.928,17.569],[100.903,17.593],[100.881,17.585],[100.861,17.545],[100.873,17.529],[100.845,17.503],[100.845,17.489],[100.834,17.481],[100.835,17.468],[100.856,17.451],[100.875,17.449],[100.894,17.465],[100.916,17.452],[100.915,17.435],[100.924,17.421],[100.923,17.403],[100.917,17.395],[100.914,17.342],[100.929,17.336],[100.992,17.341],[101.006,17.334],[101.011,17.315],[101.023,17.312],[101.05,17.284],[101.083,17.28],[101.093,17.253],[101.109,17.234],[101.108,17.215],[101.082,17.19],[101.079,17.138],[101.071,17.115],[101.052,17.115],[101.057,17.105],[101.05,17.078],[101.056,17.071],[101.056,17.017],[101.043,16.984],[101.052,16.953],[101.028,16.945],[101.028,16.938],[101.039,16.93],[101.072,16.924],[101.067,16.902],[101.044,16.904],[101.031,16.893],[101.026,16.872],[101.013,16.858],[100.993,16.855],[100.981,16.848],[100.979,16.841],[100.973,16.842],[100.981,16.835],[100.979,16.826],[100.962,16.831],[100.955,16.825],[100.957,16.801],[100.949,16.791],[100.937,16.796],[100.917,16.792],[100.903,16.802],[100.906,16.782],[100.895,16.774],[100.899,16.763],[100.919,16.759],[100.923,16.746],[100.914,16.731],[100.931,16.718],[100.931,16.71],[100.923,16.711],[100.924,16.702],[100.934,16.696],[100.929,16.686],[100.938,16.688],[100.942,16.681],[100.932,16.68],[100.925,16.666],[100.905,16.671],[100.888,16.668],[100.861,16.638],[100.865,16.619],[100.854,16.615],[100.846,16.579],[100.858,16.548],[100.846,16.54],[100.848,16.523],[100.834,16.519],[100.833,16.505],[100.815,16.496],[100.817,16.483],[100.794,16.472],[100.805,16.45],[100.787,16.449],[100.772,16.426],[100.762,16.432],[100.741,16.419],[100.724,16.423],[100.709,16.418],[100.704,16.411],[100.707,16.386],[100.667,16.351]]]]}},{"type":"Feature","properties":{"code":"66","name":"พิจิตร"},"geometry":{"type":"MultiPolygon","coordinates":[[[[100.575,15.954],[100.547,15.927],[100.536,15.924],[100.521,15.94],[100.474,15.936],[100.459,15.942],[100.449,15.934],[100.416,15.945],[100.399,15.933],[100.388,15.939],[100.331,15.941],[100.343,15.965],[100.339,15.979],[100.322,15.988],[100.323,15.974],[100.313,15.978],[100.306,15.974],[100.309,15.961],[100.276,15.944],[100.267,15.94],[100.258,15.955],[100.242,15.953],[100.24,15.934],[100.217,15.928],[100.187,15.935],[100.181,15.929],[100.161,15.961],[100.161,15.98],[100.149,15.989],[100.128,16.026],[100.131,16.036],[100.116,16.047],[100.119,16.055],[100.109,16.076],[100.114,16.079],[100.096,16.095],[100.095,16.111],[100.077,16.125],[100.086,16.143],[100.077,16.147],[100.076,16.163],[100.063,16.16],[100.044,16.168],[100.025,16.192],[100.046,16.208],[100.021,16.252],[100.033,16.284],[100.019,16.301],[100.019,16.322],[100.027,16.332],[100.022,16.338],[100.007,16.336],[99.983,16.375],[99.994,16.387],[100.003,16.438],[100.0,16.45],[100.035,16.502],[100.025,16.52],[100.011,16.522],[100.013,16.575],[100.034,16.583],[100.047,16.571],[100.074,16.578],[100.09,16.588],[100.086,16.597],[100.098,16.607],[100.119,16.614],[100.146,16.596],[100.186,16.586],[100.176,16.599],[100.197,16.609],[100.195,16.62],[100.201,16.618],[100.204,16.625],[100.192,16.628],[100.196,16.636],[100.192,16.646],[100.203,16.643],[100.216,16.648],[100.216,16.633],[100.232,16.616],[100.234,16.555],[100.244,16.532],[100.25,16.53],[100.265,16.537],[100.324,16.526],[100.36,16.535],[100.377,16.546],[100.369,16.55],[100.386,16.554],[100.425,16.536],[100.431,16.516],[100.471,16.52],[100.483,16.543],[100.505,16.553],[100.51,16.574],[100.526,16.566],[100.559,16.572],[100.576,16.586],[100.58,16.576],[100.578,16.523],[100.587,16.52],[100.585,16.472],[100.568,16.46],[100.595,16.416],[100.606,16.418],[100.604,16.412],[100.63,16.398],[100.636,16.375],[100.62,16.349],[100.624,16.33],[100.653,16.322],[100.65,16.297],[100.663,16.268],[100.672,16.257],[100.676,16.263],[100.669,16.25],[100.694,16.249],[100.718,16.258],[100.719,16.251],[100.707,16.242],[100.644,16.14],[100.655,16.126],[100.654,16.102],[100.643,16.051],[100.635,16.046],[100.657,16.048],[100.669,16.03],[100.727,16.022],[100.769,16.004],[100.769,15.998],[100.782,15.994],[100.778,15.966],[100.791,15.958],[100.799,15.936],[100.766,15.931],[100.756,15.943],[100.75,15.969],[100.738,15.989],[100.702,15.989],[100.654,16.007],[100.626,16.003],[100.617,15.983],[100.575,15.954]]]]}},{"type":"Feature","properties":{"code":"30","name":"นครราชสีมา"},"geometry":{"type":"MultiPolygon","coordinates":[[[[102.578,14.227],[102.55,14.217],[102.539,14.202],[102.512,14.201],[102.501,14.186],[102.486,14.189],[102.477,14.2],[102.469,14.192],[102.453,14.194],[102.431,14.152],[102.424,14.158],[102.407,14.155],[102.4,14.146],[102.381,14.147],[102.359,14.166],[102.357,14.132],[102.332,14.12],[102.326,14.128],[102.307,14.12],[102.289,14.135],[102.272,14.129],[102.269,14.146],[102.246,14.14],[102.216,14.145],[102.211,14.173],[102.192,14.195],[102.181,14.195],[102.167,14.172],[102.172,14.159],[102.164,14.141],[102.132,14.138],[102.12,14.149],[102.072,14.164],[102.032,14.198],[102.011,14.203],[101.967,14.228],[101.982,14.238],[101.945,14.247],[101.929,14.287],[101.943,14.302],[101.929,14.328],[101.894,14.33],[101.889,14.319],[101.877,14.324],[101.839,14.352],[101.84,14.366],[101.812,14.348],[101.789,14.36],[101.78,14.357],[101.774,14.347],[101.761,14.343],[101.749,14.348],[101.75,14.325],[101.742,14.308],[101.649,14.392],[101.648,14.405],[101.631,14.406],[101.619,14.417],[101.622,14.427],[101.606,14.436],[101.584,14.438],[101.547,14.436],[101.541,14.426],[101.534,14.425],[101.508,14.436],[101.483,14.463],[101.436,14.446],[101.447,14.422],[101.432,14.389],[101.422,14.383],[101.397,14.409],[101.396,14.419],[101.38,14.424],[101.382,14.434],[101.37,14.438],[101.366,14.449],[101.349,14.452],[101.311,14.473],[101.306,14.498],[101.285,14.489],[101.284,14.502],[101.273,14.512],[101.244,14.489],[101.243,14.472],[101.223,14.504],[101.195,14.531],[101.188,14.53],[101.181,14.544],[101.195,14.554],[101.206,14.58],[101.215,14.587],[101.204,14.608],[101.208,14.631],[101.199,14.664],[101.204,14.684],[101.195,14.706],[101.187,14.711],[101.185,14.722],[101.194,14.731],[101.188,14.749],[101.198,14.749],[101.197,14.757],[101.214,14.754],[101.232,14.732],[101.281,14.733],[101.284,14.746],[101.29,14.737],[101.298,14.739],[101.307,14.759],[101.33,14.761],[101.34,14.773],[101.337,14.786],[101.396,14.818],[101.415,14.844],[101.451,14.858],[101.454,14.864],[101.449,14.913],[101.432,14.95],[101.429,14.983],[101.42,14.997],[101.425,15.013],[101.399,15.072],[101.4,15.159],[101.391,15.24],[101.384,15.253],[101.382,15.333],[101.414,15.332],[101.444,15.353],[101.455,15.346],[101.455,15.357],[101.469,15.368],[101.496,15.356],[101.523,15.374],[101.587,15.374],[101.597,15.379],[101.619,15.364],[101.651,15.401],[101.688,15.386],[101.764,15.381],[101.785,15.39],[101.8,15.423],[101.808,15.413],[101.823,15.408],[101.841,15.412],[101.877,15.391],[101.896,15.404],[101.912,15.434],[101.933,15.457],[101.965,15.456],[101.996,15.466],[102.009,15.458],[102.036,15.48],[102.033,15.496],[102.044,15.524],[102.04,15.542],[102.075,15.621],[102.085,15.619],[102.088,15.632],[102.092,15.626],[102.096,15.631],[102.099,15.628],[102.108,15.642],[102.113,15.638],[102.115,15.646],[102.121,15.645],[102.12,15.652],[102.128,15.651],[102.124,15.662],[102.132,15.675],[102.136,15.671],[102.145,15.68],[102.143,15.708],[102.149,15.707],[102.153,15.728],[102.163,15.728],[102.156,15.732],[102.156,15.742],[102.163,15.739],[102.164,15.746],[102.18,15.75],[102.187,15.749],[102.183,15.744],[102.188,15.74],[102.201,15.741],[102.205,15.758],[102.232,15.746],[102.253,15.76],[102.256,15.781],[102.292,15.785],[102.308,15.794],[102.313,15.808],[102.328,15.804],[102.344,15.78],[102.363,15.767],[102.357,15.74],[102.361,15.73],[102.379,15.732],[102.404,15.701],[102.42,15.696],[102.453,15.717],[102.482,15.718],[102.513,15.728],[102.533,15.712],[102.556,15.704],[102.597,15.712],[102.61,15.728],[102.639,15.715],[102.667,15.716],[102.679,15.728],[102.691,15.724],[102.695,15.716],[102.689,15.706],[102.696,15.691],[102.708,15.686],[102.717,15.666],[102.747,15.671],[102.749,15.662],[102.78,15.645],[102.768,15.626],[102.78,15.604],[102.777,15.593],[102.783,15.59],[102.78,15.574],[102.785,15.57],[102.78,15.564],[102.786,15.556],[102.792,15.557],[102.793,15.542],[102.8,15.54],[102.797,15.531],[102.812,15.525],[102.817,15.512],[102.826,15.514],[102.83,15.505],[102.831,15.516],[102.837,15.517],[102.85,15.51],[102.858,15.514],[102.863,15.508],[102.873,15.512],[102.872,15.521],[102.884,15.523],[102.889,15.513],[102.895,15.522],[102.911,15.516],[102.912,15.508],[102.925,15.511],[102.931,15.502],[102.922,15.5],[102.93,15.489],[102.939,15.497],[102.945,15.488],[102.937,15.478],[102.94,15.475],[102.946,15.483],[102.95,15.477],[102.96,15.479],[102.96,15.484],[102.967,15.485],[102.968,15.477],[102.979,15.482],[102.986,15.467],[102.993,15.469],[102.996,15.453],[103.013,15.43],[103.001,15.428],[102.993,15.414],[102.984,15.427],[102.982,15.416],[102.976,15.42],[102.978,15.429],[102.97,15.426],[102.967,15.407],[102.959,15.403],[102.958,15.41],[102.952,15.404],[102.955,15.385],[102.966,15.376],[102.985,15.374],[102.984,15.357],[102.953,15.335],[102.952,15.313],[102.968,15.291],[102.955,15.272],[102.963,15.262],[102.957,15.25],[102.96,15.218],[102.974,15.206],[102.966,15.193],[102.918,15.182],[102.918,15.188],[102.897,15.191],[102.867,15.164],[102.847,15.168],[102.834,15.148],[102.818,15.144],[102.784,15.096],[102.762,15.079],[102.765,15.071],[102.771,15.076],[102.775,15.066],[102.786,15.069],[102.782,15.066],[102.787,15.053],[102.79,15.056],[102.799,15.049],[102.797,15.039],[102.783,15.04],[102.788,15.032],[102.766,15.028],[102.752,15.013],[102.752,15.003],[102.71,14.979],[102.709,14.959],[102.697,14.934],[102.601,14.936],[102.571,14.957],[102.546,14.947],[102.564,14.938],[102.567,14.927],[102.541,14.899],[102.552,14.859],[102.533,14.814],[102.5,14.802],[102.475,14.814],[102.46,14.835],[102.449,14.823],[102.441,14.8],[102.448,14.776],[102.46,14.764],[102.483,14.759],[102.469,14.702],[102.485,14.627],[102.468,14.586],[102.487,14.578],[102.495,14.565],[102.493,14.535],[102.481,14.514],[102.497,14.505],[102.61,14.494],[102.597,14.446],[102.585,14.445],[102.569,14.426],[102.562,14.376],[102.568,14.362],[102.582,14.358],[102.589,14.334],[102.606,14.322],[102.625,14.32],[102.637,14.327],[102.664,14.317],[102.686,14.299],[102.626,14.266],[102.578,14.227]]]]}},{"type":"Feature","properties":{"code":"31","name":"บุรีรัมย์"},"geometry":{"type":"MultiPolygon","coordinates":[[[[102.748,14.14],[102.734,14.142],[102.696,14.131],[102.682,14.151],[102.655,14.166],[102.634,14.149],[102.608,14.171],[102.592,14.166],[102.55,14.135],[102.522,14.143],[102.5,14.133],[102.483,14.142],[102.469,14.132],[102.455,14.136],[102.453,14.143],[102.437,14.143],[102.431,14.152],[102.453,14.194],[102.469,14.192],[102.477,14.2],[102.486,14.189],[102.501,14.186],[102.512,14.201],[102.539,14.202],[102.55,14.217],[102.578,14.227],[102.626,14.266],[102.686,14.299],[102.664,14.317],[102.637,14.327],[102.625,14.32],[102.606,14.322],[102.589,14.334],[102.582,14.358],[102.568,14.362],[102.562,14.376],[102.569,14.426],[102.585,14.445],[102.597,14.446],[102.61,14.494],[102.497,14.505],[102.481,14.514],[102.493,14.535],[102.495,14.565],[102.487,14.578],[102.468,14.586],[102.485,14.627],[102.469,14.702],[102.483,14.759],[102.46,14.764],[102.448,14.776],[102.441,14.8],[102.46,14.835],[102.475,14.814],[102.5,14.802],[102.533,14.814],[102.552,14.859],[102.541,14.899],[102.567,14.927],[102.564,14.938],[102.546,14.947],[102.571,14.957],[102.601,14.936],[102.697,14.934],[102.709,14.959],[102.71,14.979],[102.752,15.003],[102.752,15.013],[102.766,15.028],[102.788,15.032],[102.783,15.04],[102.797,15.039],[102.799,15.049],[102.79,15.056],[102.787,15.053],[102.782,15.066],[102.786,15.069],[102.775,15.066],[102.771,15.076],[102.765,15.071],[102.762,15.079],[102.784,15.096],[102.818,15.144],[102.834,15.148],[102.847,15.168],[102.867,15.164],[102.897,15.191],[102.918,15.188],[102.918,15.182],[102.938,15.183],[102.966,15.193],[102.974,15.206],[102.96,15.218],[102.957,15.25],[102.963,15.262],[102.955,15.272],[102.968,15.291],[102.952,15.313],[102.953,15.335],[102.984,15.357],[102.985,15.374],[102.966,15.376],[102.955,15.385],[102.952,15.404],[102.958,15.41],[102.959,15.403],[102.967,15.407],[102.97,15.426],[102.978,15.429],[102.976,15.42],[102.982,15.416],[102.984,15.427],[102.993,15.414],[103.001,15.428],[103.013,15.43],[102.996,15.453],[102.993,15.469],[102.986,15.467],[102.979,15.482],[102.968,15.477],[102.967,15.485],[102.96,15.484],[102.96,15.479],[102.95,15.477],[102.946,15.483],[102.94,15.475],[102.937,15.478],[102.945,15.488],[102.939,15.497],[102.93,15.489],[102.922,15.5],[102.931,15.502],[102.925,15.511],[102.912,15.508],[102.911,15.516],[102.895,15.522],[102.889,15.513],[102.884,15.523],[102.872,15.521],[102.873,15.512],[102.863,15.508],[102.858,15.514],[102.85,15.51],[102.837,15.517],[102.831,15.516],[102.83,15.505],[102.826,15.514],[102.817,15.512],[102.812,15.525],[102.797,15.531],[102.8,15.54],[102.793,15.542],[102.792,15.557],[102.786,15.556],[102.78,15.564],[102.785,15.57],[102.78,15.574],[102.783,15.59],[102.777,15.593],[102.78,15.604],[102.768,15.626],[102.791,15.639],[102.807,15.632],[102.849,15.636],[102.86,15.641],[102.864,15.656],[102.884,15.666],[102.886,15.673],[102.876,15.676],[102.869,15.694],[102.876,15.708],[102.875,15.736],[102.883,15.776],[102.93,15.796],[102.94,15.784],[102.944,15.754],[102.971,15.757],[102.987,15.733],[102.996,15.734],[103.006,15.725],[103.003,15.718],[103.011,15.705],[103.004,15.683],[102.973,15.668],[102.977,15.657],[102.995,15.648],[102.993,15.64],[103.012,15.628],[103.013,15.617],[103.027,15.6],[103.05,15.596],[103.054,15.59],[103.046,15.564],[103.078,15.542],[103.081,15.547],[103.09,15.533],[103.075,15.512],[103.073,15.498],[103.111,15.482],[103.114,15.467],[103.106,15.457],[103.114,15.439],[103.089,15.42],[103.113,15.41],[103.117,15.402],[103.135,15.402],[103.137,15.413],[103.145,15.404],[103.141,15.39],[103.148,15.381],[103.154,15.385],[103.148,15.376],[103.156,15.373],[103.155,15.365],[103.164,15.364],[103.158,15.353],[103.171,15.364],[103.178,15.36],[103.179,15.367],[103.198,15.362],[103.187,15.358],[103.197,15.336],[103.202,15.343],[103.212,15.343],[103.21,15.332],[103.219,15.336],[103.224,15.33],[103.218,15.322],[103.227,15.323],[103.23,15.317],[103.232,15.324],[103.244,15.317],[103.251,15.322],[103.25,15.307],[103.276,15.319],[103.277,15.314],[103.286,15.316],[103.281,15.307],[103.288,15.299],[103.306,15.319],[103.316,15.319],[103.313,15.327],[103.324,15.334],[103.329,15.331],[103.328,15.337],[103.339,15.335],[103.342,15.344],[103.35,15.34],[103.349,15.347],[103.361,15.345],[103.36,15.338],[103.374,15.339],[103.386,15.326],[103.389,15.333],[103.397,15.333],[103.386,15.321],[103.404,15.308],[103.422,15.317],[103.428,15.308],[103.434,15.334],[103.45,15.334],[103.441,15.339],[103.447,15.345],[103.456,15.336],[103.472,15.337],[103.475,15.33],[103.469,15.324],[103.484,15.319],[103.486,15.312],[103.492,15.317],[103.498,15.308],[103.503,15.314],[103.497,15.299],[103.505,15.292],[103.48,15.295],[103.47,15.28],[103.462,15.282],[103.461,15.258],[103.453,15.255],[103.441,15.263],[103.447,15.257],[103.437,15.246],[103.437,15.221],[103.428,15.213],[103.436,15.209],[103.419,15.203],[103.418,15.189],[103.429,15.182],[103.421,15.167],[103.429,15.159],[103.42,15.151],[103.433,15.122],[103.426,15.105],[103.439,15.109],[103.44,15.101],[103.432,15.1],[103.428,15.082],[103.438,15.089],[103.442,15.086],[103.422,15.065],[103.437,15.06],[103.448,15.045],[103.432,15.027],[103.422,15.031],[103.409,15.003],[103.426,14.992],[103.42,14.986],[103.43,14.979],[103.42,14.975],[103.428,14.971],[103.416,14.958],[103.428,14.941],[103.423,14.938],[103.425,14.928],[103.416,14.918],[103.401,14.918],[103.398,14.902],[103.405,14.898],[103.39,14.894],[103.394,14.89],[103.379,14.876],[103.384,14.872],[103.377,14.871],[103.376,14.861],[103.363,14.857],[103.354,14.842],[103.341,14.838],[103.346,14.832],[103.32,14.827],[103.314,14.811],[103.292,14.811],[103.292,14.785],[103.248,14.76],[103.249,14.749],[103.266,14.747],[103.275,14.737],[103.271,14.715],[103.266,14.717],[103.269,14.701],[103.259,14.688],[103.259,14.672],[103.242,14.65],[103.231,14.646],[103.237,14.617],[103.213,14.592],[103.21,14.569],[103.213,14.529],[103.221,14.517],[103.214,14.504],[103.234,14.483],[103.244,14.44],[103.236,14.41],[103.22,14.402],[103.233,14.392],[103.22,14.375],[103.227,14.327],[103.219,14.324],[103.168,14.335],[103.153,14.314],[103.146,14.325],[103.139,14.325],[103.129,14.32],[103.131,14.307],[103.124,14.302],[103.082,14.296],[103.075,14.286],[103.057,14.285],[103.057,14.274],[103.038,14.251],[103.038,14.243],[103.022,14.229],[103.013,14.231],[102.999,14.214],[102.954,14.208],[102.957,14.197],[102.942,14.198],[102.941,14.187],[102.93,14.176],[102.905,14.167],[102.877,14.174],[102.87,14.151],[102.862,14.149],[102.831,14.168],[102.829,14.158],[102.816,14.171],[102.806,14.172],[102.8,14.159],[102.792,14.173],[102.784,14.156],[102.782,14.163],[102.777,14.162],[102.766,14.141],[102.748,14.14]]]]}},{"type":"Feature","properties":{"code":"74","name":"สมุทรสาคร"},"geometry":{"type":"MultiPolygon","coordinates":[[[[100.136,13.442],[100.08,13.424],[100.074,13.456],[100.042,13.504],[100.029,13.508],[100.029,13.529],[100.044,13.54],[100.036,13.582],[100.042,13.597],[100.032,13.612],[100.052,13.619],[100.064,13.668],[100.078,13.65],[100.12,13.65],[100.135,13.682],[100.154,13.683],[100.17,13.676],[100.177,13.688],[100.19,13.68],[100.198,13.683],[100.202,13.678],[100.211,13.686],[100.224,13.681],[100.227,13.672],[100.24,13.679],[100.243,13.674],[100.286,13.695],[100.285,13.711],[100.292,13.718],[100.298,13.714],[100.315,13.722],[100.323,13.717],[100.336,13.722],[100.331,13.698],[100.339,13.656],[100.345,13.654],[100.346,13.64],[100.367,13.634],[100.372,13.621],[100.377,13.621],[100.379,13.594],[100.385,13.583],[100.394,13.557],[100.415,13.556],[100.419,13.546],[100.407,13.535],[100.411,13.491],[100.343,13.484],[100.294,13.5],[100.27,13.482],[100.136,13.442]]]]}},{"type":"Feature","properties":{"code":"75","name":"สมุทรสงคราม"},"geometry":{"type":"MultiPolygon","coordinates":[[[[99.93,13.283],[99.905,13.281],[99.909,13.266],[99.887,13.263],[99.88,13.257],[99.893,13.244],[99.89,13.242],[99.873,13.25],[99.86,13.244],[99.853,13.301],[99.856,13.328],[99.891,13.439],[99.889,13.47],[99.896,13.481],[99.918,13.502],[99.914,13.509],[99.924,13.514],[99.936,13.498],[99.961,13.497],[99.966,13.486],[99.994,13.508],[100.0,13.503],[100.009,13.516],[100.026,13.505],[100.042,13.504],[100.074,13.456],[100.08,13.424],[100.048,13.408],[100.031,13.369],[100.022,13.362],[99.996,13.366],[100.001,13.354],[99.997,13.332],[99.95,13.31],[99.953,13.297],[99.936,13.293],[99.93,13.283]]]]}},{"type":"Feature","properties":{"code":"72","name":"สุพรรณบุรี"},"geometry":{"type":"MultiPolygon","coordinates":[[[[100.23,14.209],[100.227,14.197],[100.236,14.204],[100.234,14.175],[100.212,14.179],[100.16,14.146],[100.14,14.145],[100.132,14.137],[100.131,14.146],[100.052,14.146],[100.049,14.152],[100.015,14.147],[100.006,14.14],[99.974,14.143],[99.966,14.139],[99.967,14.131],[99.944,14.135],[99.94,14.126],[99.926,14.127],[99.87,14.073],[99.853,14.079],[99.819,14.073],[99.821,14.061],[99.811,14.065],[99.809,14.081],[99.797,14.086],[99.791,14.1],[99.768,14.095],[99.76,14.171],[99.797,14.2],[99.794,14.218],[99.802,14.23],[99.814,14.231],[99.825,14.267],[99.814,14.338],[99.82,14.352],[99.817,14.382],[99.829,14.381],[99.817,14.433],[99.821,14.501],[99.818,14.528],[99.795,14.547],[99.792,14.564],[99.798,14.568],[99.806,14.62],[99.822,14.633],[99.821,14.651],[99.799,14.678],[99.801,14.692],[99.793,14.71],[99.802,14.735],[99.788,14.744],[99.754,14.743],[99.742,14.754],[99.715,14.755],[99.655,14.804],[99.633,14.801],[99.612,14.782],[99.57,14.789],[99.571,14.76],[99.578,14.751],[99.572,14.732],[99.557,14.731],[99.533,14.708],[99.516,14.703],[99.509,14.709],[99.496,14.705],[99.481,14.709],[99.443,14.732],[99.444,14.742],[99.432,14.753],[99.436,14.774],[99.421,14.781],[99.39,14.766],[99.359,14.771],[99.341,14.786],[99.33,14.807],[99.309,14.813],[99.281,14.862],[99.314,14.884],[99.322,14.923],[99.31,14.936],[99.321,14.949],[99.304,14.981],[99.283,14.998],[99.285,15.007],[99.3,15.013],[99.307,15.025],[99.296,15.037],[99.306,15.064],[99.322,15.073],[99.32,15.081],[99.339,15.082],[99.365,15.049],[99.394,15.05],[99.405,15.044],[99.42,15.049],[99.416,15.037],[99.426,15.007],[99.445,14.983],[99.451,14.993],[99.517,14.983],[99.524,14.969],[99.559,14.962],[99.579,14.947],[99.603,14.947],[99.63,14.938],[99.63,14.971],[99.624,14.98],[99.635,14.99],[99.666,14.988],[99.683,14.976],[99.702,14.976],[99.694,14.966],[99.763,14.962],[99.774,14.951],[99.883,14.912],[99.95,14.911],[99.968,14.902],[100.041,14.919],[100.046,14.941],[100.036,14.954],[100.04,14.961],[100.064,14.953],[100.073,14.958],[100.106,14.946],[100.133,14.946],[100.138,14.936],[100.127,14.931],[100.127,14.924],[100.137,14.913],[100.17,14.927],[100.175,14.944],[100.196,14.952],[100.199,14.961],[100.197,14.94],[100.181,14.935],[100.186,14.907],[100.22,14.909],[100.222,14.903],[100.206,14.894],[100.21,14.884],[100.224,14.884],[100.216,14.873],[100.221,14.866],[100.204,14.809],[100.214,14.807],[100.23,14.787],[100.203,14.771],[100.21,14.722],[100.203,14.715],[100.212,14.713],[100.23,14.654],[100.24,14.651],[100.234,14.643],[100.214,14.638],[100.211,14.622],[100.204,14.625],[100.192,14.613],[100.2,14.599],[100.215,14.597],[100.209,14.573],[100.198,14.566],[100.197,14.555],[100.208,14.54],[100.204,14.53],[100.21,14.519],[100.233,14.499],[100.23,14.488],[100.253,14.481],[100.244,14.46],[100.246,14.452],[100.274,14.427],[100.281,14.399],[100.268,14.377],[100.28,14.353],[100.279,14.339],[100.261,14.32],[100.251,14.291],[100.251,14.268],[100.241,14.262],[100.237,14.241],[100.226,14.233],[100.23,14.209]]]]}},{"type":"Feature","properties":{"code":"73","name":"นครปฐม"},"geometry":{"type":"MultiPolygon","coordinates":[[[[100.12,13.65],[100.078,13.65],[100.064,13.668],[100.067,13.696],[100.032,13.694],[100.022,13.722],[100.028,13.754],[99.961,13.722],[99.942,13.745],[99.938,13.77],[99.953,13.775],[99.957,13.796],[99.969,13.798],[99.958,13.836],[99.942,13.831],[99.936,13.842],[99.908,13.847],[99.9,13.841],[99.911,13.869],[99.905,13.899],[99.896,13.903],[99.924,13.92],[99.926,13.938],[99.887,13.944],[99.876,13.962],[99.853,13.964],[99.83,13.998],[99.837,14.012],[99.837,14.031],[99.849,14.043],[99.849,14.052],[99.821,14.061],[99.819,14.073],[99.853,14.079],[99.87,14.073],[99.926,14.127],[99.94,14.126],[99.944,14.135],[99.967,14.131],[99.966,14.139],[99.974,14.143],[100.006,14.14],[100.015,14.147],[100.049,14.152],[100.052,14.146],[100.131,14.146],[100.132,14.137],[100.14,14.145],[100.16,14.146],[100.212,14.179],[100.284,14.17],[100.271,14.066],[100.264,14.06],[100.276,14.022],[100.272,14.028],[100.262,13.998],[100.298,13.963],[100.264,13.921],[100.275,13.914],[100.33,13.801],[100.332,13.758],[100.336,13.722],[100.323,13.717],[100.315,13.722],[100.298,13.714],[100.292,13.718],[100.285,13.711],[100.286,13.695],[100.27,13.683],[100.26,13.685],[100.257,13.679],[100.243,13.674],[100.24,13.679],[100.227,13.672],[100.224,13.681],[100.211,13.686],[100.202,13.678],[100.177,13.688],[100.17,13.676],[100.154,13.683],[100.135,13.682],[100.12,13.65]]]]}},{"type":"Feature","properties":{"code":"70","name":"ราชบุรี"},"geometry":{"type":"MultiPolygon","coordinates":[[[[99.53,13.208],[99.52,13.209],[99.506,13.18],[99.479,13.2],[99.46,13.182],[99.442,13.184],[99.428,13.197],[99.413,13.198],[99.398,13.218],[99.394,13.213],[99.371,13.22],[99.367,13.233],[99.359,13.233],[99.35,13.243],[99.319,13.212],[99.323,13.176],[99.271,13.149],[99.228,13.203],[99.216,13.201],[99.21,13.208],[99.204,13.219],[99.208,13.233],[99.197,13.257],[99.212,13.262],[99.187,13.291],[99.194,13.304],[99.192,13.323],[99.207,13.339],[99.202,13.373],[99.207,13.38],[99.204,13.403],[99.21,13.412],[99.201,13.426],[99.197,13.451],[99.207,13.46],[99.204,13.482],[99.188,13.498],[99.191,13.545],[99.165,13.575],[99.178,13.586],[99.166,13.611],[99.171,13.631],[99.165,13.681],[99.171,13.689],[99.167,13.734],[99.173,13.74],[99.177,13.734],[99.201,13.729],[99.223,13.748],[99.27,13.746],[99.295,13.773],[99.309,13.776],[99.316,13.767],[99.358,13.752],[99.41,13.768],[99.413,13.773],[99.453,13.781],[99.47,13.806],[99.505,13.766],[99.551,13.76],[99.636,13.814],[99.667,13.846],[99.713,13.828],[99.783,13.822],[99.811,13.809],[99.818,13.826],[99.82,13.86],[99.823,13.866],[99.836,13.866],[99.855,13.917],[99.88,13.95],[99.876,13.962],[99.887,13.944],[99.926,13.938],[99.924,13.92],[99.896,13.903],[99.905,13.899],[99.911,13.869],[99.9,13.841],[99.908,13.847],[99.936,13.842],[99.942,13.831],[99.958,13.836],[99.969,13.798],[99.957,13.796],[99.953,13.775],[99.938,13.77],[99.942,13.745],[99.961,13.722],[100.028,13.754],[100.022,13.722],[100.032,13.694],[100.067,13.696],[100.052,13.619],[100.032,13.612],[100.042,13.597],[100.036,13.582],[100.044,13.54],[100.029,13.529],[100.029,13.508],[100.026,13.505],[100.009,13.516],[100.0,13.503],[99.994,13.508],[99.966,13.486],[99.961,13.497],[99.936,13.498],[99.924,13.514],[99.914,13.509],[99.918,13.502],[99.889,13.47],[99.891,13.439],[99.856,13.328],[99.831,13.338],[99.811,13.339],[99.804,13.33],[99.758,13.343],[99.707,13.322],[99.684,13.291],[99.666,13.285],[99.662,13.278],[99.669,13.258],[99.661,13.212],[99.639,13.211],[99.637,13.202],[99.602,13.205],[99.593,13.198],[99.53,13.208]]]]}},{"type":"Feature","properties":{"code":"38","name":"บึงกาฬ"},"geometry":{"type":"MultiPolygon","coordinates":[[[[103.989,17.876],[103.982,17.858],[104.003,17.848],[103.998,17.842],[104.013,17.83],[104.012,17.811],[104.0,17.807],[104.0,17.789],[103.987,17.789],[103.979,17.771],[103.97,17.78],[103.973,17.785],[103.958,17.776],[103.942,17.785],[103.935,17.807],[103.919,17.819],[103.925,17.834],[103.922,17.856],[103.915,17.859],[103.911,17.851],[103.901,17.849],[103.906,17.88],[103.875,17.876],[103.866,17.864],[103.868,17.879],[103.86,17.882],[103.849,17.881],[103.836,17.87],[103.796,17.877],[103.794,17.871],[103.811,17.859],[103.795,17.842],[103.764,17.885],[103.769,17.891],[103.787,17.89],[103.775,17.908],[103.783,17.928],[103.78,17.932],[103.758,17.921],[103.766,17.945],[103.763,17.955],[103.749,17.926],[103.753,17.915],[103.747,17.912],[103.721,17.927],[103.716,17.943],[103.704,17.942],[103.685,17.956],[103.662,17.95],[103.668,17.967],[103.663,17.974],[103.653,17.963],[103.639,17.965],[103.638,17.977],[103.625,17.969],[103.621,18.0],[103.64,18.014],[103.611,18.014],[103.606,18.036],[103.594,18.051],[103.588,18.048],[103.588,18.038],[103.581,18.039],[103.559,18.062],[103.543,18.065],[103.539,18.072],[103.547,18.078],[103.543,18.088],[103.537,18.086],[103.537,18.069],[103.515,18.074],[103.505,18.069],[103.504,18.059],[103.496,18.065],[103.493,18.054],[103.498,18.042],[103.492,18.038],[103.504,17.997],[103.498,17.998],[103.492,17.988],[103.472,18.005],[103.474,17.999],[103.464,17.989],[103.445,17.992],[103.438,17.981],[103.452,17.978],[103.446,17.967],[103.439,17.97],[103.44,17.975],[103.427,17.976],[103.43,17.983],[103.4,17.993],[103.406,18.005],[103.396,18.01],[103.39,18.025],[103.372,18.032],[103.353,18.027],[103.35,18.046],[103.313,18.057],[103.3,18.081],[103.314,18.102],[103.304,18.107],[103.295,18.104],[103.296,18.12],[103.318,18.124],[103.335,18.136],[103.336,18.148],[103.367,18.164],[103.344,18.175],[103.336,18.204],[103.262,18.245],[103.262,18.265],[103.274,18.261],[103.276,18.269],[103.278,18.264],[103.281,18.269],[103.287,18.265],[103.287,18.273],[103.295,18.272],[103.291,18.278],[103.297,18.28],[103.294,18.288],[103.3,18.291],[103.295,18.294],[103.298,18.315],[103.291,18.324],[103.252,18.339],[103.244,18.352],[103.245,18.368],[103.282,18.401],[103.294,18.423],[103.31,18.433],[103.353,18.435],[103.408,18.449],[103.463,18.425],[103.535,18.425],[103.571,18.406],[103.609,18.404],[103.698,18.343],[103.796,18.343],[103.822,18.337],[103.836,18.325],[103.85,18.291],[103.859,18.284],[103.884,18.293],[103.919,18.326],[103.943,18.337],[103.969,18.338],[103.985,18.325],[104.06,18.22],[104.105,18.117],[104.19,18.023],[104.182,18.014],[104.174,18.015],[104.173,18.003],[104.152,18.024],[104.143,18.014],[104.114,18.005],[104.118,17.967],[104.134,17.956],[104.123,17.923],[104.099,17.907],[104.071,17.878],[104.065,17.886],[104.069,17.897],[104.062,17.896],[104.062,17.903],[104.03,17.91],[104.013,17.893],[104.003,17.897],[103.989,17.876]]]]}},{"type":"Feature","properties":{"code":"71","name":"กาญจนบุรี"},"geometry":{"type":"MultiPolygon","coordinates":[[[[99.47,13.806],[99.453,13.781],[99.413,13.773],[99.41,13.768],[99.358,13.752],[99.316,13.767],[99.309,13.776],[99.295,13.773],[99.27,13.746],[99.223,13.748],[99.201,13.729],[99.177,13.734],[99.173,13.74],[99.168,13.726],[99.162,13.726],[99.155,13.735],[99.154,13.755],[99.123,13.772],[99.118,13.795],[99.121,13.813],[99.114,13.82],[99.114,13.83],[99.099,13.838],[99.101,13.854],[99.111,13.866],[99.11,13.891],[99.105,13.895],[99.081,13.892],[99.068,13.906],[99.06,13.929],[99.037,13.945],[99.019,13.947],[98.998,14.019],[98.971,14.034],[98.968,14.08],[98.96,14.097],[98.946,14.092],[98.925,14.109],[98.9,14.108],[98.876,14.125],[98.868,14.146],[98.829,14.176],[98.818,14.173],[98.798,14.192],[98.756,14.214],[98.732,14.241],[98.727,14.238],[98.705,14.254],[98.698,14.275],[98.681,14.274],[98.631,14.316],[98.615,14.313],[98.601,14.324],[98.593,14.345],[98.594,14.377],[98.59,14.37],[98.576,14.369],[98.573,14.381],[98.565,14.385],[98.558,14.42],[98.548,14.423],[98.549,14.435],[98.542,14.445],[98.534,14.443],[98.511,14.477],[98.492,14.54],[98.462,14.531],[98.456,14.556],[98.46,14.578],[98.445,14.593],[98.437,14.613],[98.366,14.666],[98.363,14.688],[98.353,14.699],[98.337,14.711],[98.33,14.706],[98.323,14.71],[98.297,14.75],[98.294,14.77],[98.283,14.775],[98.277,14.797],[98.254,14.814],[98.247,14.832],[98.259,14.843],[98.261,14.857],[98.23,14.889],[98.25,14.916],[98.244,14.923],[98.243,14.939],[98.229,14.948],[98.232,14.967],[98.209,14.983],[98.213,15.02],[98.235,15.043],[98.221,15.055],[98.21,15.077],[98.184,15.097],[98.183,15.114],[98.195,15.135],[98.19,15.149],[98.214,15.18],[98.209,15.2],[98.199,15.21],[98.198,15.233],[98.214,15.236],[98.222,15.224],[98.236,15.219],[98.258,15.224],[98.28,15.27],[98.303,15.28],[98.294,15.298],[98.301,15.304],[98.298,15.313],[98.375,15.282],[98.402,15.254],[98.417,15.273],[98.409,15.287],[98.414,15.294],[98.402,15.306],[98.388,15.304],[98.401,15.31],[98.4,15.322],[98.415,15.323],[98.41,15.336],[98.416,15.363],[98.431,15.368],[98.436,15.362],[98.444,15.371],[98.455,15.368],[98.45,15.383],[98.459,15.386],[98.471,15.372],[98.481,15.378],[98.482,15.39],[98.49,15.394],[98.501,15.389],[98.509,15.376],[98.516,15.38],[98.525,15.371],[98.538,15.371],[98.548,15.359],[98.55,15.338],[98.556,15.335],[98.579,15.374],[98.585,15.471],[98.553,15.602],[98.563,15.639],[98.559,15.651],[98.583,15.66],[98.59,15.645],[98.627,15.639],[98.622,15.631],[98.626,15.626],[98.641,15.638],[98.648,15.633],[98.661,15.599],[98.724,15.518],[98.719,15.506],[98.703,15.51],[98.703,15.502],[98.759,15.472],[98.754,15.441],[98.779,15.424],[98.783,15.409],[98.83,15.356],[98.831,15.346],[98.84,15.349],[98.871,15.325],[98.891,15.29],[98.886,15.275],[98.912,15.268],[98.923,15.247],[98.943,15.253],[98.955,15.247],[98.964,15.206],[98.994,15.165],[99.0,15.164],[99.007,15.144],[99.0,15.137],[98.998,15.105],[99.01,15.086],[99.0,15.071],[99.01,15.069],[99.029,15.049],[99.051,15.043],[99.068,15.048],[99.085,15.039],[99.113,15.044],[99.119,15.055],[99.143,15.052],[99.147,15.047],[99.135,15.038],[99.162,15.015],[99.181,15.017],[99.192,15.029],[99.204,15.014],[99.234,15.012],[99.256,14.987],[99.277,14.99],[99.283,14.998],[99.304,14.981],[99.321,14.949],[99.31,14.936],[99.322,14.923],[99.318,14.895],[99.314,14.884],[99.281,14.862],[99.309,14.813],[99.33,14.807],[99.341,14.786],[99.359,14.771],[99.39,14.766],[99.421,14.781],[99.436,14.774],[99.432,14.753],[99.444,14.742],[99.443,14.732],[99.481,14.709],[99.496,14.705],[99.509,14.709],[99.516,14.703],[99.533,14.708],[99.557,14.731],[99.572,14.732],[99.578,14.751],[99.571,14.76],[99.57,14.789],[99.612,14.782],[99.633,14.801],[99.655,14.804],[99.715,14.755],[99.742,14.754],[99.754,14.743],[99.788,14.744],[99.802,14.735],[99.793,14.71],[99.801,14.692],[99.799,14.678],[99.821,14.651],[99.822,14.633],[99.806,14.62],[99.798,14.568],[99.792,14.564],[99.795,14.547],[99.818,14.528],[99.821,14.501],[99.817,14.433],[99.829,14.381],[99.817,14.382],[99.82,14.352],[99.814,14.338],[99.825,14.267],[99.814,14.231],[99.802,14.23],[99.794,14.218],[99.797,14.2],[99.76,14.171],[99.768,14.095],[99.791,14.1],[99.797,14.086],[99.809,14.081],[99.811,14.065],[99.849,14.052],[99.849,14.043],[99.837,14.031],[99.837,14.012],[99.83,13.998],[99.853,13.964],[99.876,13.962],[99.88,13.95],[99.855,13.917],[99.836,13.866],[99.823,13.866],[99.811,13.809],[99.783,13.822],[99.713,13.828],[99.667,13.846],[99.636,13.814],[99.551,13.76],[99.505,13.766],[99.47,13.806]]]]}},{"type":"Feature","properties":{"code":"39","name":"หนองบัวลำภู"},"geometry":{"type":"MultiPolygon","coordinates":[[[[102.602,16.772],[102.538,16.785],[102.497,16.804],[102.479,16.807],[102.471,16.802],[102.454,16.811],[102.445,16.792],[102.421,16.795],[102.406,16.814],[102.392,16.81],[102.378,16.817],[102.378,16.811],[102.361,16.816],[102.351,16.83],[102.347,16.817],[102.338,16.824],[102.34,16.837],[102.323,16.847],[102.332,16.849],[102.33,16.855],[102.316,16.855],[102.325,16.867],[102.311,16.868],[102.302,16.877],[102.307,16.884],[102.291,16.885],[102.296,16.891],[102.255,16.895],[102.249,16.879],[102.234,16.88],[102.215,16.858],[102.204,16.862],[102.188,16.858],[102.18,16.872],[102.171,16.865],[102.158,16.872],[102.156,16.881],[102.144,16.877],[102.124,16.881],[102.105,16.897],[102.097,16.891],[102.099,16.882],[102.081,16.889],[102.07,16.885],[102.066,16.896],[102.046,16.907],[102.03,16.95],[102.059,16.965],[102.072,16.962],[102.089,16.979],[102.125,16.991],[102.136,17.011],[102.153,17.027],[102.125,17.041],[102.117,17.058],[102.108,17.061],[102.102,17.07],[102.106,17.083],[102.091,17.111],[102.023,17.131],[102.016,17.14],[102.021,17.154],[102.045,17.165],[102.032,17.173],[102.03,17.192],[102.017,17.202],[102.028,17.205],[102.038,17.221],[102.041,17.211],[102.064,17.202],[102.082,17.17],[102.1,17.181],[102.086,17.211],[102.084,17.237],[102.07,17.257],[102.053,17.252],[102.03,17.271],[102.027,17.281],[102.015,17.28],[102.017,17.287],[102.003,17.296],[101.986,17.323],[101.992,17.335],[102.01,17.334],[102.021,17.341],[102.013,17.362],[102.018,17.374],[101.985,17.415],[101.993,17.42],[101.985,17.443],[101.992,17.46],[102.032,17.459],[102.052,17.45],[102.092,17.464],[102.129,17.492],[102.126,17.509],[102.135,17.509],[102.14,17.53],[102.133,17.542],[102.134,17.56],[102.116,17.577],[102.106,17.608],[102.083,17.635],[102.104,17.647],[102.121,17.633],[102.129,17.636],[102.145,17.662],[102.16,17.666],[102.217,17.661],[102.246,17.666],[102.263,17.66],[102.275,17.668],[102.297,17.662],[102.287,17.674],[102.318,17.679],[102.327,17.592],[102.334,17.579],[102.332,17.555],[102.369,17.5],[102.399,17.415],[102.438,17.339],[102.439,17.28],[102.478,17.275],[102.503,17.286],[102.537,17.258],[102.571,17.255],[102.593,17.265],[102.573,17.236],[102.552,17.236],[102.542,17.217],[102.535,17.229],[102.522,17.225],[102.504,17.195],[102.521,17.151],[102.521,17.145],[102.507,17.139],[102.52,17.1],[102.544,17.067],[102.638,17.007],[102.669,16.994],[102.68,16.968],[102.624,16.844],[102.613,16.799],[102.615,16.777],[102.602,16.772]]]]}},{"type":"Feature","properties":{"code":"16","name":"ลพบุรี"},"geometry":{"type":"MultiPolygon","coordinates":[[[[100.612,14.646],[100.581,14.664],[100.553,14.661],[100.549,14.671],[100.513,14.656],[100.507,14.662],[100.516,14.682],[100.5,14.683],[100.504,14.685],[100.495,14.7],[100.475,14.703],[100.462,14.725],[100.475,14.724],[100.477,14.738],[100.484,14.739],[100.488,14.748],[100.473,14.761],[100.478,14.767],[100.467,14.798],[100.481,14.812],[100.465,14.822],[100.458,14.857],[100.446,14.859],[100.45,14.873],[100.435,14.882],[100.429,14.88],[100.421,14.929],[100.448,14.942],[100.45,14.983],[100.442,15.001],[100.464,15.011],[100.47,15.028],[100.445,15.056],[100.427,15.062],[100.457,15.104],[100.458,15.115],[100.477,15.114],[100.508,15.132],[100.532,15.183],[100.557,15.196],[100.587,15.224],[100.589,15.233],[100.613,15.244],[100.597,15.269],[100.59,15.268],[100.597,15.279],[100.594,15.288],[100.612,15.295],[100.623,15.32],[100.634,15.323],[100.63,15.341],[100.635,15.348],[100.625,15.358],[100.63,15.386],[100.642,15.392],[100.644,15.417],[100.68,15.452],[100.711,15.442],[100.769,15.462],[100.769,15.496],[100.745,15.512],[100.754,15.514],[100.769,15.534],[100.794,15.539],[100.832,15.564],[100.833,15.553],[100.855,15.548],[100.854,15.527],[100.884,15.53],[100.889,15.515],[100.911,15.501],[100.911,15.49],[100.927,15.483],[100.933,15.469],[100.924,15.435],[100.932,15.415],[100.948,15.406],[100.975,15.417],[100.984,15.348],[100.978,15.337],[100.986,15.325],[100.994,15.32],[101.023,15.339],[101.029,15.323],[101.041,15.326],[101.054,15.32],[101.082,15.352],[101.106,15.344],[101.105,15.34],[101.112,15.342],[101.111,15.336],[101.124,15.336],[101.123,15.341],[101.128,15.335],[101.147,15.339],[101.153,15.333],[101.176,15.334],[101.183,15.327],[101.202,15.326],[101.248,15.354],[101.278,15.363],[101.285,15.374],[101.299,15.381],[101.305,15.393],[101.303,15.431],[101.307,15.435],[101.298,15.456],[101.307,15.472],[101.303,15.519],[101.298,15.529],[101.288,15.531],[101.306,15.55],[101.321,15.616],[101.34,15.637],[101.351,15.662],[101.338,15.721],[101.339,15.747],[101.348,15.75],[101.381,15.737],[101.39,15.745],[101.406,15.737],[101.371,15.585],[101.386,15.471],[101.378,15.44],[101.381,15.388],[101.375,15.377],[101.38,15.346],[101.385,15.348],[101.381,15.34],[101.381,15.288],[101.4,15.159],[101.399,15.072],[101.381,15.067],[101.371,15.043],[101.363,15.046],[101.35,15.016],[101.348,14.994],[101.337,14.99],[101.329,14.966],[101.298,14.959],[101.259,14.913],[101.198,14.922],[101.151,14.897],[101.1,14.908],[101.091,14.892],[101.073,14.879],[101.092,14.851],[101.085,14.834],[101.089,14.83],[101.078,14.818],[101.081,14.811],[101.068,14.812],[101.073,14.791],[101.062,14.789],[101.073,14.763],[101.061,14.76],[101.054,14.79],[101.024,14.809],[100.99,14.763],[100.992,14.74],[100.966,14.751],[100.962,14.745],[100.943,14.741],[100.941,14.751],[100.899,14.772],[100.882,14.764],[100.875,14.782],[100.859,14.789],[100.847,14.804],[100.828,14.805],[100.802,14.792],[100.777,14.796],[100.737,14.775],[100.726,14.76],[100.694,14.762],[100.668,14.733],[100.664,14.737],[100.653,14.712],[100.656,14.703],[100.639,14.674],[100.617,14.663],[100.627,14.655],[100.612,14.646]]]]}},{"type":"Feature","properties":{"code":"36","name":"ชัยภูมิ"},"geometry":{"type":"MultiPolygon","coordinates":[[[[101.667,15.393],[101.651,15.401],[101.619,15.364],[101.597,15.379],[101.587,15.374],[101.523,15.374],[101.496,15.356],[101.469,15.368],[101.455,15.357],[101.455,15.346],[101.444,15.353],[101.414,15.332],[101.382,15.333],[101.385,15.348],[101.38,15.346],[101.375,15.377],[101.381,15.388],[101.378,15.44],[101.386,15.471],[101.371,15.585],[101.406,15.737],[101.39,15.745],[101.381,15.737],[101.341,15.756],[101.335,15.754],[101.339,15.767],[101.328,15.785],[101.317,15.79],[101.331,15.803],[101.327,15.807],[101.332,15.83],[101.324,15.833],[101.332,15.85],[101.327,15.852],[101.332,15.881],[101.353,15.889],[101.374,15.919],[101.361,15.923],[101.37,15.939],[101.374,15.968],[101.358,15.963],[101.337,15.992],[101.343,16.002],[101.341,16.012],[101.323,16.041],[101.33,16.054],[101.325,16.061],[101.345,16.143],[101.341,16.154],[101.363,16.177],[101.363,16.186],[101.378,16.187],[101.368,16.225],[101.372,16.244],[101.353,16.26],[101.37,16.276],[101.367,16.293],[101.379,16.317],[101.381,16.36],[101.408,16.384],[101.398,16.401],[101.417,16.411],[101.418,16.423],[101.443,16.438],[101.473,16.479],[101.465,16.513],[101.472,16.529],[101.484,16.524],[101.497,16.539],[101.505,16.539],[101.503,16.546],[101.516,16.543],[101.52,16.55],[101.51,16.559],[101.497,16.561],[101.5,16.611],[101.526,16.62],[101.509,16.655],[101.511,16.677],[101.527,16.679],[101.538,16.666],[101.547,16.668],[101.561,16.649],[101.572,16.648],[101.578,16.673],[101.571,16.692],[101.554,16.712],[101.554,16.728],[101.56,16.731],[101.587,16.724],[101.592,16.709],[101.602,16.708],[101.618,16.686],[101.634,16.68],[101.657,16.689],[101.689,16.686],[101.725,16.651],[101.741,16.66],[101.744,16.669],[101.751,16.668],[101.754,16.652],[101.764,16.655],[101.778,16.647],[101.774,16.629],[101.806,16.653],[101.823,16.651],[101.829,16.658],[101.853,16.657],[101.854,16.65],[101.869,16.65],[101.873,16.643],[101.885,16.645],[101.903,16.638],[101.905,16.628],[101.914,16.634],[101.92,16.627],[101.939,16.636],[101.956,16.631],[101.951,16.623],[101.956,16.617],[101.967,16.619],[101.97,16.611],[101.978,16.61],[101.976,16.605],[101.984,16.596],[101.978,16.588],[101.992,16.585],[101.989,16.567],[102.007,16.558],[102.024,16.559],[102.024,16.545],[102.032,16.542],[102.028,16.541],[102.034,16.532],[102.03,16.525],[102.043,16.508],[102.073,16.503],[102.068,16.494],[102.075,16.492],[102.094,16.498],[102.125,16.495],[102.158,16.504],[102.157,16.498],[102.165,16.501],[102.173,16.491],[102.183,16.506],[102.192,16.499],[102.206,16.503],[102.228,16.484],[102.235,16.486],[102.243,16.47],[102.256,16.467],[102.255,16.461],[102.269,16.456],[102.278,16.461],[102.3,16.445],[102.317,16.456],[102.319,16.446],[102.324,16.446],[102.365,16.453],[102.365,16.438],[102.373,16.436],[102.382,16.445],[102.398,16.447],[102.394,16.46],[102.399,16.46],[102.396,16.466],[102.403,16.466],[102.404,16.46],[102.41,16.462],[102.406,16.441],[102.413,16.429],[102.459,16.394],[102.447,16.378],[102.446,16.353],[102.411,16.27],[102.414,16.251],[102.403,16.243],[102.327,16.13],[102.28,16.076],[102.302,16.039],[102.312,16.043],[102.327,16.031],[102.336,16.039],[102.344,16.035],[102.352,16.026],[102.355,16.005],[102.365,16.002],[102.368,16.007],[102.373,15.996],[102.385,15.997],[102.386,15.981],[102.372,15.975],[102.367,15.965],[102.375,15.946],[102.369,15.949],[102.364,15.933],[102.355,15.931],[102.362,15.929],[102.353,15.901],[102.341,15.888],[102.338,15.874],[102.322,15.867],[102.321,15.848],[102.316,15.847],[102.328,15.804],[102.313,15.808],[102.308,15.794],[102.292,15.785],[102.256,15.781],[102.253,15.76],[102.232,15.746],[102.205,15.758],[102.201,15.741],[102.188,15.74],[102.183,15.744],[102.187,15.749],[102.18,15.75],[102.164,15.746],[102.163,15.739],[102.156,15.742],[102.156,15.732],[102.163,15.728],[102.153,15.728],[102.149,15.707],[102.143,15.708],[102.145,15.68],[102.128,15.671],[102.128,15.651],[102.12,15.652],[102.121,15.645],[102.102,15.637],[102.106,15.631],[102.099,15.634],[102.099,15.628],[102.096,15.631],[102.092,15.626],[102.088,15.632],[102.085,15.619],[102.075,15.621],[102.04,15.542],[102.044,15.524],[102.033,15.496],[102.036,15.48],[102.009,15.458],[101.996,15.466],[101.965,15.456],[101.933,15.457],[101.912,15.434],[101.896,15.404],[101.877,15.391],[101.841,15.412],[101.823,15.408],[101.808,15.413],[101.8,15.423],[101.785,15.39],[101.764,15.381],[101.667,15.393]]]]}},{"type":"Feature","properties":{"code":"17","name":"สิงห์บุรี"},"geometry":{"type":"MultiPolygon","coordinates":[[[[100.403,14.759],[100.395,14.746],[100.381,14.743],[100.372,14.761],[100.356,14.762],[100.349,14.78],[100.329,14.802],[100.311,14.797],[100.313,14.789],[100.299,14.789],[100.295,14.781],[100.273,14.799],[100.264,14.795],[100.245,14.801],[100.226,14.794],[100.204,14.809],[100.221,14.866],[100.216,14.873],[100.224,14.884],[100.21,14.884],[100.206,14.894],[100.222,14.903],[100.22,14.909],[100.186,14.907],[100.181,14.935],[100.197,14.94],[100.202,14.954],[100.259,14.944],[100.264,14.95],[100.292,14.958],[100.288,14.967],[100.293,14.985],[100.276,14.992],[100.268,15.011],[100.256,15.008],[100.251,15.019],[100.243,15.018],[100.244,15.024],[100.222,15.025],[100.219,15.043],[100.231,15.045],[100.246,15.039],[100.259,15.05],[100.261,15.058],[100.294,15.064],[100.289,15.078],[100.315,15.088],[100.352,15.12],[100.356,15.116],[100.354,15.101],[100.423,15.053],[100.427,15.062],[100.445,15.056],[100.47,15.028],[100.464,15.011],[100.442,15.001],[100.45,14.983],[100.448,14.942],[100.421,14.929],[100.421,14.919],[100.429,14.88],[100.435,14.882],[100.45,14.873],[100.446,14.859],[100.458,14.857],[100.465,14.822],[100.481,14.812],[100.467,14.798],[100.478,14.767],[100.473,14.761],[100.488,14.748],[100.484,14.739],[100.477,14.738],[100.475,14.724],[100.462,14.725],[100.465,14.719],[100.415,14.727],[100.415,14.749],[100.403,14.759]]]]}},{"type":"Feature","properties":{"code":"14","name":"พระนครศรีอยุธยา"},"geometry":{"type":"MultiPolygon","coordinates":[[[[100.456,14.117],[100.398,14.115],[100.394,14.132],[100.383,14.133],[100.383,14.115],[100.344,14.116],[100.334,14.129],[100.297,14.14],[100.28,14.125],[100.284,14.17],[100.234,14.175],[100.236,14.204],[100.227,14.197],[100.226,14.233],[100.237,14.241],[100.241,14.262],[100.251,14.268],[100.251,14.291],[100.261,14.32],[100.279,14.339],[100.28,14.353],[100.268,14.377],[100.281,14.399],[100.274,14.427],[100.244,14.46],[100.259,14.491],[100.277,14.486],[100.287,14.498],[100.319,14.488],[100.392,14.51],[100.406,14.508],[100.427,14.494],[100.418,14.485],[100.418,14.444],[100.434,14.448],[100.46,14.439],[100.497,14.459],[100.493,14.49],[100.5,14.502],[100.491,14.515],[100.499,14.52],[100.491,14.532],[100.492,14.548],[100.479,14.568],[100.493,14.585],[100.491,14.609],[100.503,14.63],[100.5,14.649],[100.508,14.652],[100.503,14.668],[100.509,14.673],[100.507,14.662],[100.513,14.656],[100.549,14.671],[100.553,14.661],[100.569,14.662],[100.581,14.664],[100.602,14.654],[100.584,14.629],[100.575,14.597],[100.603,14.578],[100.603,14.556],[100.619,14.56],[100.644,14.549],[100.675,14.557],[100.656,14.606],[100.702,14.575],[100.723,14.577],[100.724,14.569],[100.781,14.568],[100.774,14.551],[100.778,14.531],[100.749,14.517],[100.763,14.494],[100.768,14.498],[100.772,14.493],[100.765,14.484],[100.773,14.483],[100.766,14.479],[100.77,14.466],[100.76,14.451],[100.771,14.436],[100.768,14.421],[100.76,14.414],[100.77,14.407],[100.779,14.412],[100.781,14.399],[100.797,14.391],[100.788,14.381],[100.788,14.365],[100.793,14.364],[100.773,14.33],[100.785,14.323],[100.824,14.33],[100.823,14.244],[100.62,14.143],[100.62,14.129],[100.607,14.136],[100.552,14.118],[100.55,14.111],[100.517,14.129],[100.482,14.112],[100.456,14.117]]]]}},{"type":"Feature","properties":{"code":"37","name":"อำนาจเจริญ"},"geometry":{"type":"MultiPolygon","coordinates":[[[[104.896,15.653],[104.934,15.64],[104.927,15.626],[104.931,15.619],[104.924,15.615],[104.928,15.604],[104.909,15.598],[104.886,15.575],[104.896,15.564],[104.888,15.545],[104.882,15.547],[104.879,15.538],[104.87,15.539],[104.874,15.547],[104.865,15.55],[104.865,15.561],[104.877,15.563],[104.862,15.58],[104.849,15.58],[104.848,15.574],[104.844,15.584],[104.836,15.582],[104.838,15.592],[104.83,15.591],[104.831,15.584],[104.824,15.586],[104.813,15.605],[104.803,15.594],[104.794,15.599],[104.787,15.605],[104.788,15.621],[104.781,15.618],[104.765,15.636],[104.761,15.633],[104.747,15.642],[104.742,15.659],[104.729,15.648],[104.714,15.661],[104.695,15.659],[104.684,15.671],[104.648,15.678],[104.642,15.687],[104.621,15.688],[104.603,15.67],[104.614,15.663],[104.63,15.663],[104.638,15.647],[104.617,15.641],[104.614,15.62],[104.577,15.602],[104.587,15.568],[104.553,15.556],[104.547,15.542],[104.536,15.552],[104.528,15.55],[104.526,15.558],[104.511,15.559],[104.505,15.586],[104.492,15.586],[104.489,15.594],[104.481,15.591],[104.483,15.586],[104.463,15.588],[104.457,15.596],[104.467,15.601],[104.461,15.61],[104.466,15.616],[104.465,15.627],[104.439,15.619],[104.447,15.637],[104.439,15.641],[104.438,15.65],[104.446,15.661],[104.436,15.668],[104.445,15.671],[104.44,15.677],[104.443,15.684],[104.436,15.686],[104.44,15.7],[104.419,15.698],[104.427,15.72],[104.422,15.723],[104.431,15.738],[104.419,15.746],[104.434,15.753],[104.425,15.772],[104.44,15.806],[104.435,15.814],[104.46,15.844],[104.448,15.867],[104.457,15.875],[104.452,15.88],[104.459,15.897],[104.454,15.901],[104.467,15.903],[104.469,15.918],[104.505,15.952],[104.502,15.977],[104.521,15.985],[104.528,16.001],[104.533,16.0],[104.515,16.026],[104.531,16.039],[104.562,16.099],[104.602,16.106],[104.623,16.123],[104.662,16.123],[104.729,16.102],[104.765,16.104],[104.781,16.114],[104.802,16.095],[104.814,16.098],[104.823,16.157],[104.803,16.164],[104.789,16.158],[104.78,16.18],[104.765,16.196],[104.79,16.2],[104.798,16.189],[104.813,16.186],[104.822,16.191],[104.827,16.205],[104.854,16.201],[104.881,16.214],[104.885,16.235],[104.907,16.246],[104.912,16.255],[104.932,16.253],[104.947,16.262],[104.96,16.273],[104.958,16.283],[104.973,16.274],[104.98,16.278],[105.016,16.242],[105.013,16.188],[105.046,16.103],[105.06,16.098],[105.042,16.095],[105.004,16.021],[105.011,15.998],[105.024,15.99],[105.024,15.98],[104.998,15.949],[105.006,15.942],[105.004,15.936],[104.967,15.867],[104.958,15.787],[104.907,15.761],[104.905,15.723],[104.891,15.689],[104.896,15.653]]]]}},{"type":"Feature","properties":{"code":"15","name":"อ่างทอง"},"geometry":{"type":"MultiPolygon","coordinates":[[[[100.468,14.442],[100.46,14.439],[100.434,14.448],[100.418,14.444],[100.418,14.485],[100.427,14.494],[100.406,14.508],[100.383,14.509],[100.374,14.501],[100.319,14.488],[100.287,14.498],[100.277,14.486],[100.259,14.491],[100.253,14.481],[100.23,14.488],[100.233,14.499],[100.21,14.519],[100.204,14.53],[100.208,14.54],[100.197,14.555],[100.198,14.566],[100.209,14.573],[100.215,14.597],[100.2,14.599],[100.192,14.613],[100.204,14.625],[100.211,14.622],[100.214,14.638],[100.234,14.643],[100.24,14.651],[100.23,14.654],[100.212,14.713],[100.203,14.715],[100.21,14.722],[100.203,14.771],[100.23,14.787],[100.226,14.794],[100.245,14.801],[100.264,14.795],[100.273,14.799],[100.295,14.781],[100.299,14.789],[100.313,14.789],[100.311,14.797],[100.329,14.802],[100.349,14.78],[100.356,14.762],[100.372,14.761],[100.381,14.743],[100.395,14.746],[100.403,14.759],[100.415,14.749],[100.415,14.727],[100.465,14.719],[100.475,14.703],[100.495,14.7],[100.504,14.685],[100.5,14.683],[100.516,14.682],[100.503,14.668],[100.508,14.652],[100.5,14.649],[100.503,14.63],[100.491,14.609],[100.493,14.585],[100.479,14.568],[100.492,14.548],[100.491,14.532],[100.499,14.52],[100.491,14.515],[100.5,14.502],[100.493,14.49],[100.497,14.459],[100.468,14.442]]]]}},{"type":"Feature","properties":{"code":"34","name":"อุบลราชธานี"},"geometry":{"type":"MultiPolygon","coordinates":[[[[105.284,14.366],[105.28,14.354],[105.251,14.362],[105.236,14.35],[105.227,14.333],[105.197,14.348],[105.185,14.341],[105.175,14.344],[105.167,14.329],[105.178,14.316],[105.17,14.303],[105.161,14.301],[105.16,14.288],[105.151,14.285],[105.154,14.269],[105.143,14.261],[105.154,14.257],[105.149,14.246],[105.109,14.212],[105.083,14.209],[105.05,14.215],[105.021,14.243],[105.016,14.276],[105.001,14.305],[104.984,14.319],[104.992,14.325],[105.0,14.367],[104.994,14.379],[104.973,14.391],[104.96,14.392],[104.955,14.382],[104.949,14.381],[104.922,14.401],[104.907,14.399],[104.906,14.413],[104.876,14.437],[104.853,14.425],[104.84,14.426],[104.829,14.441],[104.859,14.473],[104.863,14.498],[104.816,14.552],[104.828,14.578],[104.826,14.607],[104.838,14.617],[104.837,14.636],[104.851,14.66],[104.876,14.66],[104.89,14.651],[104.877,14.673],[104.877,14.699],[104.821,14.752],[104.815,14.79],[104.799,14.803],[104.797,14.81],[104.808,14.832],[104.825,14.838],[104.81,14.869],[104.805,14.897],[104.778,14.899],[104.77,14.912],[104.762,14.914],[104.762,14.921],[104.736,14.934],[104.736,14.939],[104.726,14.93],[104.7,14.935],[104.684,14.951],[104.685,15.005],[104.67,15.032],[104.675,15.034],[104.674,15.04],[104.681,15.036],[104.686,15.043],[104.68,15.048],[104.689,15.06],[104.687,15.074],[104.693,15.084],[104.676,15.086],[104.689,15.099],[104.681,15.101],[104.676,15.093],[104.671,15.099],[104.68,15.108],[104.679,15.123],[104.703,15.13],[104.737,15.162],[104.724,15.171],[104.7,15.157],[104.699,15.172],[104.715,15.184],[104.715,15.195],[104.703,15.185],[104.698,15.19],[104.704,15.201],[104.682,15.201],[104.681,15.206],[104.69,15.207],[104.659,15.238],[104.648,15.238],[104.645,15.255],[104.628,15.263],[104.609,15.259],[104.606,15.274],[104.576,15.257],[104.579,15.253],[104.523,15.253],[104.504,15.267],[104.466,15.269],[104.455,15.278],[104.406,15.289],[104.413,15.33],[104.426,15.326],[104.447,15.343],[104.444,15.348],[104.433,15.346],[104.438,15.369],[104.43,15.378],[104.434,15.368],[104.418,15.366],[104.406,15.388],[104.39,15.387],[104.382,15.397],[104.392,15.407],[104.386,15.443],[104.372,15.458],[104.389,15.49],[104.384,15.496],[104.383,15.536],[104.399,15.546],[104.419,15.536],[104.442,15.554],[104.481,15.537],[104.484,15.546],[104.511,15.563],[104.547,15.542],[104.553,15.556],[104.587,15.568],[104.577,15.602],[104.614,15.62],[104.617,15.641],[104.638,15.647],[104.63,15.663],[104.614,15.663],[104.603,15.67],[104.621,15.688],[104.642,15.687],[104.648,15.678],[104.684,15.671],[104.695,15.659],[104.714,15.661],[104.729,15.648],[104.742,15.659],[104.747,15.642],[104.761,15.633],[104.765,15.636],[104.781,15.618],[104.788,15.621],[104.787,15.605],[104.803,15.594],[104.813,15.605],[104.813,15.597],[104.824,15.586],[104.831,15.584],[104.83,15.591],[104.838,15.592],[104.836,15.582],[104.844,15.584],[104.848,15.574],[104.849,15.58],[104.862,15.58],[104.877,15.563],[104.865,15.561],[104.865,15.55],[104.874,15.547],[104.87,15.539],[104.879,15.538],[104.896,15.564],[104.886,15.575],[104.909,15.598],[104.928,15.604],[104.924,15.615],[104.931,15.619],[104.927,15.626],[104.934,15.64],[104.896,15.653],[104.891,15.689],[104.905,15.723],[104.904,15.749],[104.907,15.761],[104.958,15.787],[104.967,15.867],[105.004,15.936],[105.006,15.942],[104.998,15.949],[105.024,15.98],[105.024,15.99],[105.011,15.998],[105.004,16.021],[105.042,16.095],[105.06,16.098],[105.084,16.086],[105.101,16.091],[105.119,16.077],[105.134,16.079],[105.196,16.054],[105.299,16.039],[105.313,16.03],[105.354,16.029],[105.364,16.021],[105.411,16.016],[105.424,16.006],[105.421,15.987],[105.392,15.992],[105.376,15.983],[105.342,15.92],[105.388,15.832],[105.394,15.803],[105.42,15.789],[105.421,15.772],[105.434,15.755],[105.469,15.747],[105.502,15.768],[105.533,15.749],[105.556,15.748],[105.56,15.739],[105.6,15.721],[105.61,15.692],[105.635,15.663],[105.637,15.634],[105.625,15.563],[105.609,15.547],[105.593,15.51],[105.603,15.48],[105.592,15.426],[105.576,15.406],[105.54,15.393],[105.491,15.385],[105.469,15.355],[105.471,15.339],[105.504,15.316],[105.574,15.328],[105.585,15.316],[105.583,15.302],[105.592,15.274],[105.581,15.26],[105.56,15.263],[105.557,15.249],[105.54,15.252],[105.516,15.219],[105.494,15.204],[105.494,15.191],[105.489,15.194],[105.482,15.187],[105.469,15.158],[105.486,15.15],[105.468,15.134],[105.461,15.116],[105.479,15.094],[105.495,15.094],[105.515,15.084],[105.514,15.063],[105.537,15.063],[105.54,15.069],[105.554,15.064],[105.547,15.038],[105.572,15.02],[105.574,14.999],[105.606,14.993],[105.625,14.975],[105.595,14.962],[105.583,14.941],[105.568,14.955],[105.556,14.955],[105.553,14.95],[105.546,14.926],[105.559,14.924],[105.577,14.896],[105.58,14.878],[105.549,14.875],[105.543,14.863],[105.56,14.839],[105.544,14.83],[105.537,14.819],[105.519,14.822],[105.511,14.8],[105.525,14.782],[105.514,14.773],[105.518,14.763],[105.512,14.755],[105.531,14.74],[105.543,14.74],[105.547,14.732],[105.519,14.727],[105.525,14.705],[105.515,14.696],[105.526,14.681],[105.516,14.666],[105.518,14.652],[105.528,14.648],[105.525,14.633],[105.53,14.624],[105.543,14.62],[105.53,14.608],[105.529,14.595],[105.539,14.584],[105.529,14.573],[105.535,14.559],[105.524,14.552],[105.527,14.537],[105.517,14.539],[105.501,14.522],[105.501,14.513],[105.481,14.506],[105.487,14.501],[105.429,14.416],[105.408,14.43],[105.4,14.409],[105.387,14.411],[105.387,14.396],[105.372,14.4],[105.36,14.388],[105.342,14.384],[105.324,14.398],[105.311,14.386],[105.304,14.366],[105.284,14.366]]]]}},{"type":"Feature","properties":{"code":"35","name":"ยโสธร"},"geometry":{"type":"MultiPolygon","coordinates":[[[[104.406,15.388],[104.418,15.366],[104.434,15.368],[104.43,15.378],[104.438,15.369],[104.433,15.346],[104.444,15.348],[104.447,15.343],[104.426,15.326],[104.413,15.33],[104.406,15.289],[104.382,15.295],[104.379,15.31],[104.354,15.345],[104.305,15.342],[104.26,15.372],[104.245,15.374],[104.233,15.404],[104.188,15.468],[104.181,15.47],[104.173,15.463],[104.17,15.475],[104.133,15.514],[104.136,15.538],[104.121,15.563],[104.122,15.578],[104.159,15.602],[104.209,15.609],[104.21,15.619],[104.186,15.609],[104.182,15.622],[104.19,15.633],[104.169,15.633],[104.178,15.64],[104.171,15.66],[104.184,15.658],[104.186,15.667],[104.175,15.664],[104.175,15.673],[104.152,15.691],[104.142,15.705],[104.147,15.714],[104.128,15.697],[104.121,15.698],[104.119,15.706],[104.13,15.707],[104.129,15.726],[104.141,15.73],[104.132,15.743],[104.141,15.754],[104.132,15.755],[104.127,15.77],[104.137,15.783],[104.134,15.798],[104.115,15.805],[104.072,15.838],[104.071,15.826],[104.079,15.825],[104.078,15.82],[104.036,15.797],[104.0,15.797],[103.997,15.815],[104.014,15.818],[104.007,15.831],[104.017,15.831],[104.013,15.844],[104.016,15.838],[104.021,15.84],[104.019,15.848],[104.028,15.852],[104.029,15.861],[104.019,15.867],[104.037,15.869],[104.023,15.871],[104.032,15.875],[104.021,15.878],[104.015,15.886],[104.021,15.892],[104.015,15.893],[104.019,15.906],[104.015,15.912],[104.023,15.912],[104.036,15.941],[104.026,15.961],[104.014,15.95],[104.011,15.958],[104.028,15.984],[104.061,15.988],[104.094,15.977],[104.106,15.991],[104.101,16.005],[104.11,16.017],[104.114,16.038],[104.102,16.051],[104.096,16.074],[104.101,16.095],[104.115,16.115],[104.138,16.111],[104.152,16.118],[104.166,16.142],[104.192,16.149],[104.205,16.163],[104.216,16.157],[104.23,16.169],[104.258,16.224],[104.274,16.224],[104.298,16.24],[104.298,16.253],[104.312,16.257],[104.344,16.291],[104.343,16.307],[104.352,16.325],[104.364,16.338],[104.387,16.346],[104.389,16.342],[104.394,16.347],[104.399,16.342],[104.407,16.347],[104.499,16.341],[104.512,16.316],[104.551,16.312],[104.567,16.274],[104.558,16.268],[104.56,16.262],[104.573,16.259],[104.584,16.238],[104.599,16.24],[104.602,16.225],[104.628,16.211],[104.659,16.225],[104.666,16.244],[104.672,16.231],[104.692,16.226],[104.692,16.215],[104.703,16.207],[104.709,16.211],[104.716,16.204],[104.747,16.203],[104.765,16.196],[104.78,16.18],[104.789,16.158],[104.803,16.164],[104.823,16.157],[104.824,16.145],[104.816,16.134],[104.814,16.099],[104.802,16.095],[104.781,16.114],[104.765,16.104],[104.729,16.102],[104.68,16.121],[104.623,16.123],[104.602,16.106],[104.562,16.099],[104.531,16.039],[104.515,16.026],[104.533,16.0],[104.528,16.001],[104.521,15.985],[104.502,15.977],[104.505,15.952],[104.469,15.918],[104.467,15.903],[104.454,15.901],[104.459,15.897],[104.452,15.88],[104.457,15.875],[104.448,15.867],[104.46,15.844],[104.435,15.814],[104.44,15.806],[104.425,15.772],[104.434,15.753],[104.419,15.746],[104.431,15.738],[104.422,15.723],[104.427,15.72],[104.419,15.698],[104.44,15.7],[104.436,15.686],[104.443,15.684],[104.44,15.677],[104.445,15.671],[104.436,15.668],[104.446,15.661],[104.438,15.65],[104.439,15.641],[104.447,15.637],[104.439,15.619],[104.465,15.627],[104.466,15.616],[104.461,15.61],[104.467,15.601],[104.457,15.596],[104.463,15.588],[104.483,15.586],[104.481,15.591],[104.489,15.594],[104.492,15.586],[104.505,15.586],[104.511,15.563],[104.484,15.546],[104.481,15.537],[104.442,15.554],[104.419,15.536],[104.399,15.546],[104.383,15.536],[104.384,15.496],[104.389,15.49],[104.372,15.458],[104.386,15.443],[104.392,15.407],[104.382,15.397],[104.39,15.387],[104.406,15.388]]]]}},{"type":"Feature","properties":{"code":"12","name":"นนทบุรี"},"geometry":{"type":"MultiPolygon","coordinates":[[[[100.484,13.795],[100.466,13.789],[100.47,13.795],[100.464,13.797],[100.328,13.804],[100.275,13.914],[100.264,13.921],[100.298,13.963],[100.262,13.998],[100.272,14.028],[100.276,14.022],[100.264,14.06],[100.271,14.066],[100.28,14.125],[100.297,14.14],[100.334,14.129],[100.344,14.116],[100.332,14.056],[100.365,13.991],[100.385,13.988],[100.381,13.994],[100.435,13.981],[100.454,13.967],[100.465,13.971],[100.501,13.937],[100.51,13.944],[100.535,13.947],[100.54,13.956],[100.568,13.951],[100.564,13.937],[100.543,13.85],[100.507,13.821],[100.515,13.813],[100.484,13.795]]]]}},{"type":"Feature","properties":{"code":"32","name":"สุรินทร์"},"geometry":{"type":"MultiPolygon","coordinates":[[[[103.41,14.37],[103.41,14.358],[103.379,14.352],[103.331,14.351],[103.317,14.356],[103.283,14.348],[103.263,14.35],[103.227,14.327],[103.22,14.375],[103.233,14.392],[103.22,14.402],[103.236,14.41],[103.244,14.44],[103.234,14.483],[103.214,14.504],[103.221,14.517],[103.213,14.529],[103.21,14.569],[103.213,14.592],[103.237,14.617],[103.231,14.646],[103.242,14.65],[103.259,14.672],[103.259,14.688],[103.269,14.701],[103.266,14.717],[103.271,14.715],[103.275,14.737],[103.266,14.747],[103.249,14.749],[103.248,14.76],[103.292,14.785],[103.292,14.811],[103.314,14.811],[103.32,14.827],[103.346,14.832],[103.341,14.838],[103.354,14.842],[103.363,14.857],[103.376,14.861],[103.377,14.871],[103.384,14.872],[103.379,14.876],[103.394,14.89],[103.39,14.894],[103.405,14.898],[103.398,14.902],[103.401,14.918],[103.416,14.918],[103.425,14.928],[103.423,14.938],[103.428,14.941],[103.416,14.958],[103.428,14.971],[103.42,14.975],[103.43,14.979],[103.42,14.986],[103.426,14.992],[103.409,15.003],[103.422,15.031],[103.432,15.027],[103.448,15.045],[103.437,15.06],[103.422,15.065],[103.442,15.086],[103.438,15.089],[103.428,15.082],[103.432,15.1],[103.44,15.101],[103.439,15.109],[103.426,15.105],[103.433,15.122],[103.42,15.151],[103.429,15.159],[103.421,15.167],[103.429,15.182],[103.418,15.189],[103.419,15.203],[103.436,15.209],[103.428,15.213],[103.437,15.221],[103.437,15.246],[103.447,15.257],[103.441,15.263],[103.453,15.255],[103.461,15.258],[103.462,15.282],[103.47,15.28],[103.48,15.295],[103.505,15.292],[103.497,15.299],[103.503,15.314],[103.498,15.308],[103.492,15.317],[103.486,15.312],[103.484,15.319],[103.469,15.324],[103.475,15.33],[103.472,15.337],[103.456,15.336],[103.447,15.345],[103.441,15.339],[103.45,15.334],[103.434,15.334],[103.428,15.308],[103.422,15.317],[103.404,15.308],[103.386,15.321],[103.397,15.333],[103.389,15.333],[103.386,15.326],[103.374,15.339],[103.36,15.338],[103.361,15.345],[103.349,15.347],[103.35,15.34],[103.342,15.344],[103.339,15.335],[103.328,15.337],[103.329,15.331],[103.324,15.334],[103.313,15.327],[103.316,15.319],[103.306,15.319],[103.288,15.299],[103.281,15.307],[103.286,15.316],[103.277,15.314],[103.276,15.319],[103.25,15.307],[103.251,15.322],[103.244,15.317],[103.232,15.324],[103.23,15.317],[103.227,15.323],[103.218,15.322],[103.224,15.33],[103.219,15.336],[103.21,15.332],[103.212,15.343],[103.202,15.343],[103.197,15.336],[103.187,15.358],[103.198,15.362],[103.179,15.367],[103.178,15.36],[103.171,15.364],[103.158,15.353],[103.164,15.364],[103.155,15.365],[103.156,15.373],[103.148,15.376],[103.154,15.385],[103.148,15.381],[103.141,15.39],[103.145,15.404],[103.137,15.413],[103.135,15.402],[103.117,15.402],[103.113,15.41],[103.089,15.42],[103.114,15.439],[103.106,15.457],[103.114,15.467],[103.111,15.482],[103.212,15.461],[103.224,15.455],[103.224,15.449],[103.248,15.449],[103.263,15.439],[103.262,15.43],[103.269,15.425],[103.331,15.414],[103.341,15.405],[103.365,15.413],[103.378,15.428],[103.433,15.455],[103.485,15.45],[103.493,15.438],[103.504,15.439],[103.516,15.429],[103.536,15.428],[103.544,15.44],[103.55,15.438],[103.555,15.454],[103.562,15.452],[103.566,15.462],[103.612,15.469],[103.62,15.461],[103.64,15.46],[103.671,15.445],[103.689,15.449],[103.704,15.442],[103.715,15.447],[103.73,15.439],[103.744,15.447],[103.758,15.437],[103.777,15.435],[103.78,15.442],[103.827,15.452],[103.831,15.461],[103.845,15.456],[103.853,15.466],[103.859,15.449],[103.877,15.469],[103.886,15.455],[103.889,15.47],[103.898,15.443],[103.909,15.436],[103.92,15.441],[103.929,15.433],[103.945,15.439],[103.947,15.434],[103.941,15.428],[103.949,15.414],[103.976,15.423],[103.971,15.408],[103.988,15.407],[103.994,15.393],[104.003,15.399],[104.004,15.41],[104.012,15.404],[104.018,15.412],[104.027,15.404],[104.033,15.408],[104.049,15.403],[104.05,15.396],[104.059,15.406],[104.074,15.392],[104.072,15.381],[104.084,15.384],[104.079,15.376],[104.084,15.364],[104.09,15.366],[104.084,15.357],[104.092,15.358],[104.09,15.349],[104.075,15.354],[104.061,15.343],[104.057,15.347],[104.053,15.341],[104.044,15.342],[104.036,15.328],[104.022,15.332],[104.029,15.318],[104.01,15.317],[104.015,15.29],[104.002,15.289],[103.996,15.296],[103.998,15.273],[103.991,15.268],[103.973,15.28],[103.978,15.263],[103.998,15.253],[103.986,15.247],[103.992,15.237],[103.984,15.231],[103.988,15.226],[103.976,15.226],[103.97,15.219],[103.979,15.212],[103.976,15.205],[103.984,15.202],[103.977,15.2],[103.977,15.191],[103.967,15.184],[103.972,15.18],[103.967,15.164],[103.984,15.161],[103.984,15.155],[104.0,15.149],[104.0,15.137],[103.987,15.129],[103.99,15.123],[104.001,15.121],[103.992,15.112],[103.996,15.112],[103.999,15.094],[103.992,15.091],[103.993,15.084],[104.002,15.088],[104.001,15.079],[104.021,15.079],[104.019,15.071],[104.011,15.074],[104.014,15.066],[104.006,15.059],[104.021,15.048],[104.013,15.043],[104.017,15.033],[104.01,15.02],[103.996,15.016],[104.0,15.014],[103.993,14.986],[103.965,14.97],[103.969,14.949],[103.955,14.938],[103.945,14.943],[103.948,14.925],[103.943,14.927],[103.938,14.909],[103.927,14.904],[103.917,14.883],[103.92,14.873],[103.908,14.862],[103.903,14.848],[103.918,14.829],[103.971,14.812],[103.986,14.8],[103.992,14.789],[103.992,14.75],[104.007,14.716],[104.048,14.675],[104.059,14.6],[104.047,14.555],[104.032,14.544],[104.035,14.498],[104.053,14.495],[104.048,14.482],[104.058,14.469],[104.054,14.415],[104.047,14.408],[104.05,14.379],[104.044,14.361],[104.057,14.344],[104.028,14.337],[104.014,14.344],[104.006,14.357],[103.996,14.345],[103.987,14.346],[103.982,14.355],[103.951,14.351],[103.943,14.33],[103.899,14.338],[103.9,14.346],[103.881,14.338],[103.86,14.358],[103.861,14.366],[103.848,14.371],[103.835,14.369],[103.828,14.353],[103.803,14.356],[103.802,14.37],[103.774,14.36],[103.759,14.377],[103.751,14.372],[103.746,14.378],[103.706,14.379],[103.701,14.391],[103.708,14.433],[103.687,14.439],[103.654,14.436],[103.641,14.421],[103.656,14.418],[103.655,14.41],[103.642,14.411],[103.623,14.399],[103.616,14.401],[103.61,14.42],[103.605,14.415],[103.579,14.427],[103.537,14.416],[103.525,14.401],[103.518,14.405],[103.501,14.401],[103.494,14.386],[103.483,14.387],[103.468,14.364],[103.452,14.367],[103.435,14.391],[103.41,14.37]]]]}},{"type":"Feature","properties":{"code":"13","name":"ปทุมธานี"},"geometry":{"type":"MultiPolygon","coordinates":[[[[100.707,13.917],[100.688,13.918],[100.69,13.93],[100.625,13.937],[100.623,13.948],[100.607,13.954],[100.608,13.943],[100.577,13.955],[100.557,13.95],[100.54,13.956],[100.535,13.947],[100.51,13.944],[100.501,13.937],[100.465,13.971],[100.454,13.967],[100.435,13.981],[100.381,13.994],[100.385,13.988],[100.365,13.991],[100.332,14.056],[100.344,14.116],[100.383,14.115],[100.383,14.133],[100.394,14.132],[100.398,14.115],[100.482,14.112],[100.517,14.129],[100.55,14.111],[100.552,14.118],[100.607,14.136],[100.62,14.129],[100.62,14.143],[100.631,14.149],[100.892,14.275],[100.892,14.244],[100.952,14.272],[100.947,14.237],[100.914,14.221],[100.912,13.945],[100.747,13.917],[100.707,13.917]]]]}},{"type":"Feature","properties":{"code":"10","name":"กรุงเทพมหานคร"},"geometry":{"type":"MultiPolygon","coordinates":[[[[100.523,13.661],[100.515,13.628],[100.521,13.605],[100.494,13.588],[100.477,13.602],[100.47,13.593],[100.467,13.604],[100.455,13.605],[100.446,13.586],[100.445,13.553],[100.458,13.487],[100.411,13.491],[100.407,13.535],[100.419,13.546],[100.415,13.556],[100.394,13.557],[100.379,13.594],[100.379,13.613],[100.367,13.634],[100.346,13.64],[100.345,13.654],[100.339,13.656],[100.331,13.698],[100.337,13.716],[100.328,13.804],[100.464,13.797],[100.47,13.795],[100.466,13.789],[100.494,13.798],[100.515,13.813],[100.507,13.821],[100.543,13.85],[100.568,13.951],[100.577,13.955],[100.608,13.943],[100.607,13.954],[100.623,13.948],[100.625,13.937],[100.64,13.932],[100.69,13.93],[100.688,13.918],[100.747,13.917],[100.912,13.945],[100.905,13.849],[100.913,13.846],[100.907,13.839],[100.938,13.815],[100.907,13.787],[100.856,13.7],[100.788,13.716],[100.71,13.718],[100.711,13.696],[100.698,13.655],[100.693,13.651],[100.693,13.657],[100.656,13.672],[100.648,13.652],[100.579,13.668],[100.588,13.691],[100.579,13.699],[100.555,13.706],[100.55,13.676],[100.537,13.669],[100.521,13.68],[100.517,13.67],[100.523,13.661]]]]}},{"type":"Feature","properties":{"code":"33","name":"ศรีสะเกษ"},"geometry":{"type":"MultiPolygon","coordinates":[[[[104.838,14.739],[104.846,14.723],[104.877,14.699],[104.877,14.673],[104.89,14.651],[104.876,14.66],[104.851,14.66],[104.837,14.636],[104.838,14.617],[104.826,14.607],[104.828,14.578],[104.816,14.552],[104.863,14.498],[104.859,14.473],[104.829,14.441],[104.84,14.426],[104.853,14.425],[104.876,14.437],[104.906,14.413],[104.907,14.399],[104.872,14.418],[104.842,14.403],[104.839,14.414],[104.819,14.419],[104.818,14.427],[104.805,14.438],[104.766,14.424],[104.753,14.405],[104.739,14.414],[104.724,14.402],[104.723,14.423],[104.709,14.433],[104.695,14.422],[104.679,14.39],[104.658,14.401],[104.646,14.424],[104.58,14.374],[104.579,14.357],[104.569,14.36],[104.564,14.352],[104.535,14.354],[104.501,14.375],[104.478,14.364],[104.478,14.352],[104.465,14.345],[104.46,14.361],[104.436,14.358],[104.415,14.371],[104.406,14.366],[104.396,14.375],[104.381,14.369],[104.333,14.369],[104.277,14.408],[104.251,14.392],[104.245,14.376],[104.231,14.37],[104.211,14.368],[104.199,14.383],[104.186,14.384],[104.171,14.376],[104.175,14.362],[104.169,14.357],[104.141,14.355],[104.137,14.373],[104.108,14.378],[104.088,14.348],[104.057,14.344],[104.044,14.361],[104.05,14.379],[104.047,14.408],[104.054,14.415],[104.058,14.469],[104.048,14.482],[104.053,14.495],[104.035,14.498],[104.032,14.544],[104.047,14.555],[104.059,14.6],[104.048,14.675],[104.007,14.716],[103.992,14.75],[103.992,14.789],[103.986,14.8],[103.971,14.812],[103.918,14.829],[103.903,14.848],[103.908,14.862],[103.92,14.873],[103.917,14.883],[103.927,14.904],[103.938,14.909],[103.943,14.927],[103.948,14.925],[103.945,14.943],[103.955,14.938],[103.969,14.949],[103.965,14.97],[103.993,14.986],[104.0,15.014],[103.996,15.016],[104.01,15.02],[104.017,15.033],[104.013,15.043],[104.021,15.048],[104.006,15.059],[104.014,15.066],[104.011,15.074],[104.019,15.071],[104.021,15.079],[104.001,15.079],[104.002,15.088],[103.993,15.084],[103.992,15.091],[103.999,15.094],[103.996,15.112],[103.992,15.112],[104.001,15.121],[103.99,15.123],[103.987,15.129],[104.0,15.137],[104.0,15.149],[103.984,15.155],[103.984,15.161],[103.967,15.164],[103.972,15.18],[103.967,15.184],[103.977,15.191],[103.977,15.2],[103.984,15.202],[103.976,15.205],[103.979,15.212],[103.97,15.219],[103.976,15.226],[103.988,15.226],[103.984,15.231],[103.992,15.237],[103.986,15.247],[103.998,15.253],[103.978,15.263],[103.973,15.28],[103.991,15.268],[103.998,15.273],[103.996,15.296],[104.002,15.289],[104.015,15.29],[104.01,15.317],[104.029,15.318],[104.022,15.332],[104.036,15.328],[104.044,15.342],[104.053,15.341],[104.057,15.347],[104.061,15.343],[104.075,15.354],[104.09,15.349],[104.092,15.358],[104.084,15.357],[104.09,15.366],[104.084,15.364],[104.079,15.376],[104.084,15.384],[104.072,15.381],[104.074,15.392],[104.059,15.406],[104.05,15.396],[104.049,15.403],[104.033,15.408],[104.027,15.404],[104.018,15.412],[104.012,15.404],[104.004,15.41],[104.003,15.399],[103.994,15.393],[103.988,15.407],[103.995,15.447],[104.033,15.491],[104.062,15.5],[104.055,15.515],[104.067,15.528],[104.074,15.523],[104.074,15.54],[104.085,15.55],[104.105,15.548],[104.099,15.567],[104.121,15.563],[104.136,15.538],[104.133,15.514],[104.17,15.475],[104.173,15.463],[104.181,15.47],[104.188,15.468],[104.233,15.404],[104.245,15.374],[104.26,15.372],[104.305,15.342],[104.354,15.345],[104.379,15.31],[104.382,15.295],[104.455,15.278],[104.466,15.269],[104.504,15.267],[104.523,15.253],[104.579,15.253],[104.576,15.257],[104.606,15.274],[104.609,15.259],[104.628,15.263],[104.645,15.255],[104.648,15.238],[104.659,15.238],[104.69,15.207],[104.681,15.206],[104.682,15.201],[104.704,15.201],[104.698,15.19],[104.703,15.185],[104.715,15.195],[104.715,15.184],[104.699,15.172],[104.7,15.157],[104.724,15.171],[104.737,15.162],[104.703,15.13],[104.679,15.123],[104.68,15.108],[104.671,15.099],[104.676,15.093],[104.681,15.101],[104.689,15.099],[104.676,15.086],[104.693,15.084],[104.687,15.074],[104.689,15.06],[104.68,15.048],[104.686,15.043],[104.681,15.036],[104.674,15.04],[104.675,15.034],[104.67,15.032],[104.685,15.005],[104.684,14.951],[104.7,14.935],[104.726,14.93],[104.736,14.939],[104.736,14.934],[104.762,14.921],[104.762,14.914],[104.77,14.912],[104.778,14.899],[104.805,14.897],[104.81,14.869],[104.825,14.838],[104.808,14.832],[104.797,14.81],[104.799,14.803],[104.815,14.79],[104.821,14.752],[104.838,14.739]]]]}},{"type":"Feature","properties":{"code":"11","name":"สมุทรปราการ"},"geometry":{"type":"MultiPolygon","coordinates":[[[[100.59,13.543],[100.579,13.521],[100.558,13.506],[100.502,13.501],[100.458,13.487],[100.445,13.553],[100.452,13.602],[100.467,13.604],[100.47,13.593],[100.477,13.602],[100.494,13.588],[100.499,13.595],[100.512,13.598],[100.521,13.605],[100.515,13.628],[100.523,13.66],[100.517,13.672],[100.521,13.68],[100.537,13.669],[100.546,13.672],[100.553,13.686],[100.554,13.705],[100.572,13.703],[100.589,13.687],[100.579,13.668],[100.648,13.652],[100.656,13.672],[100.693,13.657],[100.693,13.651],[100.711,13.695],[100.71,13.718],[100.788,13.716],[100.856,13.7],[100.955,13.663],[100.954,13.65],[100.963,13.645],[100.96,13.633],[100.923,13.594],[100.907,13.592],[100.915,13.571],[100.904,13.555],[100.89,13.565],[100.872,13.524],[100.872,13.491],[100.848,13.478],[100.632,13.521],[100.618,13.533],[100.613,13.527],[100.59,13.543]]]]}},{"type":"Feature","properties":{"code":"76","name":"เพชรบุรี"},"geometry":{"type":"MultiPolygon","coordinates":[[[[99.838,12.632],[99.817,12.631],[99.792,12.615],[99.771,12.613],[99.753,12.618],[99.727,12.613],[99.717,12.6],[99.696,12.611],[99.68,12.635],[99.622,12.645],[99.618,12.61],[99.628,12.599],[99.616,12.582],[99.587,12.568],[99.579,12.579],[99.537,12.581],[99.54,12.575],[99.521,12.561],[99.499,12.574],[99.497,12.594],[99.454,12.579],[99.439,12.583],[99.412,12.616],[99.379,12.615],[99.378,12.622],[99.366,12.625],[99.366,12.634],[99.346,12.64],[99.339,12.661],[99.309,12.668],[99.295,12.678],[99.3,12.69],[99.289,12.699],[99.29,12.716],[99.278,12.718],[99.27,12.729],[99.244,12.72],[99.227,12.744],[99.234,12.751],[99.235,12.778],[99.223,12.824],[99.212,12.826],[99.204,12.839],[99.186,12.85],[99.189,12.88],[99.181,12.888],[99.183,12.911],[99.163,12.928],[99.172,12.943],[99.184,12.945],[99.195,12.957],[99.187,12.976],[99.195,12.991],[99.181,12.993],[99.169,13.008],[99.171,13.014],[99.148,13.027],[99.146,13.033],[99.125,13.038],[99.099,13.077],[99.121,13.097],[99.131,13.098],[99.128,13.116],[99.134,13.119],[99.136,13.134],[99.13,13.143],[99.137,13.152],[99.134,13.164],[99.117,13.174],[99.131,13.202],[99.156,13.208],[99.175,13.202],[99.183,13.192],[99.195,13.197],[99.197,13.193],[99.21,13.208],[99.216,13.201],[99.228,13.203],[99.271,13.149],[99.323,13.176],[99.319,13.212],[99.35,13.243],[99.359,13.233],[99.367,13.233],[99.371,13.22],[99.394,13.213],[99.398,13.218],[99.413,13.198],[99.428,13.197],[99.442,13.184],[99.46,13.182],[99.479,13.2],[99.506,13.18],[99.52,13.209],[99.544,13.203],[99.552,13.207],[99.576,13.198],[99.593,13.198],[99.602,13.205],[99.637,13.202],[99.639,13.211],[99.661,13.212],[99.669,13.258],[99.662,13.278],[99.666,13.285],[99.684,13.291],[99.707,13.322],[99.758,13.343],[99.804,13.33],[99.811,13.339],[99.831,13.338],[99.856,13.328],[99.853,13.301],[99.86,13.244],[99.873,13.25],[99.89,13.242],[99.893,13.244],[99.88,13.257],[99.887,13.263],[99.909,13.266],[99.905,13.281],[99.93,13.283],[99.936,13.293],[99.953,13.297],[99.944,13.269],[99.963,13.245],[99.983,13.237],[99.998,13.22],[100.014,13.188],[100.054,13.168],[100.07,13.153],[100.064,13.089],[100.07,13.072],[100.088,13.058],[100.102,13.055],[100.062,13.002],[100.037,12.954],[100.02,12.876],[100.0,12.838],[99.966,12.74],[99.956,12.633],[99.941,12.636],[99.941,12.63],[99.927,12.632],[99.923,12.625],[99.905,12.636],[99.883,12.62],[99.874,12.627],[99.861,12.623],[99.838,12.632]]]]}},{"type":"Feature","properties":{"code":"77","name":"ประจวบคีรีขันธ์"},"geometry":{"type":"MultiPolygon","coordinates":[[[[99.501,11.04],[99.502,10.991],[99.471,10.993],[99.407,10.956],[99.382,10.962],[99.375,10.973],[99.369,10.969],[99.346,10.976],[99.335,10.966],[99.291,10.97],[99.28,10.958],[99.272,10.966],[99.241,10.972],[99.239,10.979],[99.206,10.99],[99.202,10.986],[99.199,10.997],[99.185,10.996],[99.169,11.002],[99.165,11.011],[99.149,11.014],[99.151,11.033],[99.172,11.044],[99.171,11.055],[99.18,11.06],[99.179,11.082],[99.19,11.084],[99.203,11.101],[99.211,11.098],[99.227,11.112],[99.225,11.142],[99.253,11.169],[99.263,11.2],[99.271,11.204],[99.286,11.191],[99.307,11.218],[99.309,11.235],[99.296,11.248],[99.326,11.287],[99.312,11.318],[99.327,11.329],[99.327,11.337],[99.343,11.333],[99.344,11.349],[99.365,11.372],[99.401,11.389],[99.398,11.401],[99.405,11.407],[99.396,11.439],[99.402,11.444],[99.394,11.452],[99.394,11.461],[99.404,11.467],[99.409,11.463],[99.411,11.473],[99.425,11.482],[99.442,11.479],[99.444,11.491],[99.458,11.491],[99.448,11.509],[99.474,11.533],[99.468,11.549],[99.463,11.55],[99.468,11.567],[99.458,11.583],[99.467,11.614],[99.475,11.624],[99.491,11.625],[99.502,11.635],[99.517,11.636],[99.53,11.621],[99.546,11.628],[99.566,11.626],[99.573,11.648],[99.587,11.659],[99.583,11.678],[99.588,11.688],[99.597,11.694],[99.602,11.708],[99.616,11.711],[99.619,11.723],[99.636,11.728],[99.637,11.756],[99.644,11.77],[99.64,11.789],[99.65,11.812],[99.659,11.811],[99.665,11.823],[99.621,11.833],[99.625,11.85],[99.6,11.879],[99.588,11.873],[99.589,11.886],[99.58,11.903],[99.587,11.918],[99.58,11.944],[99.593,11.956],[99.592,11.993],[99.577,12.007],[99.538,12.014],[99.541,12.035],[99.532,12.054],[99.534,12.066],[99.556,12.094],[99.555,12.114],[99.571,12.145],[99.549,12.151],[99.539,12.144],[99.515,12.148],[99.499,12.144],[99.492,12.129],[99.473,12.132],[99.473,12.158],[99.486,12.166],[99.496,12.197],[99.486,12.212],[99.471,12.236],[99.482,12.259],[99.482,12.279],[99.462,12.286],[99.462,12.297],[99.444,12.317],[99.446,12.332],[99.434,12.343],[99.443,12.353],[99.432,12.364],[99.447,12.407],[99.426,12.426],[99.425,12.448],[99.402,12.46],[99.406,12.48],[99.425,12.491],[99.418,12.525],[99.422,12.552],[99.433,12.557],[99.435,12.565],[99.428,12.579],[99.439,12.583],[99.454,12.579],[99.497,12.594],[99.499,12.574],[99.521,12.561],[99.54,12.575],[99.537,12.581],[99.579,12.579],[99.587,12.568],[99.616,12.582],[99.628,12.599],[99.618,12.61],[99.622,12.645],[99.68,12.635],[99.696,12.611],[99.717,12.6],[99.727,12.613],[99.753,12.618],[99.771,12.613],[99.792,12.615],[99.817,12.631],[99.838,12.632],[99.861,12.623],[99.874,12.627],[99.883,12.62],[99.905,12.636],[99.923,12.625],[99.927,12.632],[99.941,12.63],[99.941,12.636],[99.956,12.633],[99.956,12.586],[99.965,12.55],[99.985,12.514],[99.975,12.504],[99.977,12.466],[99.983,12.451],[99.98,12.43],[99.995,12.405],[100.001,12.377],[100.002,12.336],[99.984,12.308],[99.975,12.264],[99.983,12.245],[100.005,12.223],[100.002,12.211],[100.013,12.208],[100.02,12.191],[99.996,12.16],[99.966,12.141],[99.969,12.132],[99.961,12.112],[99.967,12.099],[99.962,12.087],[99.956,12.09],[99.949,12.081],[99.942,12.081],[99.86,11.993],[99.828,11.932],[99.812,11.879],[99.817,11.865],[99.825,11.866],[99.824,11.851],[99.835,11.844],[99.831,11.829],[99.828,11.84],[99.816,11.839],[99.799,11.818],[99.802,11.797],[99.818,11.785],[99.813,11.777],[99.811,11.785],[99.798,11.777],[99.795,11.767],[99.804,11.761],[99.81,11.738],[99.79,11.745],[99.746,11.707],[99.726,11.682],[99.657,11.559],[99.58,11.358],[99.57,11.356],[99.558,11.332],[99.55,11.278],[99.553,11.252],[99.562,11.229],[99.581,11.212],[99.578,11.195],[99.566,11.184],[99.56,11.188],[99.562,11.202],[99.542,11.208],[99.525,11.199],[99.495,11.162],[99.486,11.125],[99.501,11.04]]]]}},{"type":"Feature","properties":{"code":"41","name":"อุดรธานี"},"geometry":{"type":"MultiPolygon","coordinates":[[[[103.036,16.886],[103.007,16.866],[102.998,16.872],[102.996,16.864],[102.975,16.848],[102.918,16.835],[102.873,16.881],[102.854,16.883],[102.842,16.868],[102.824,16.862],[102.81,16.892],[102.809,16.915],[102.821,16.939],[102.804,16.957],[102.825,16.971],[102.802,16.988],[102.787,17.016],[102.762,17.028],[102.75,17.042],[102.722,17.05],[102.708,17.087],[102.7,17.087],[102.699,17.07],[102.68,17.051],[102.68,17.016],[102.669,16.994],[102.638,17.007],[102.544,17.067],[102.52,17.1],[102.507,17.139],[102.521,17.145],[102.521,17.151],[102.504,17.195],[102.522,17.225],[102.535,17.229],[102.542,17.217],[102.552,17.236],[102.573,17.236],[102.593,17.265],[102.571,17.255],[102.537,17.258],[102.503,17.286],[102.478,17.275],[102.439,17.28],[102.438,17.339],[102.399,17.415],[102.369,17.5],[102.332,17.555],[102.334,17.579],[102.327,17.592],[102.318,17.679],[102.287,17.674],[102.297,17.662],[102.275,17.668],[102.263,17.66],[102.246,17.666],[102.217,17.661],[102.16,17.666],[102.145,17.662],[102.129,17.636],[102.121,17.633],[102.104,17.647],[102.083,17.635],[102.078,17.647],[102.072,17.645],[102.059,17.657],[102.037,17.65],[102.031,17.66],[102.04,17.664],[102.027,17.679],[102.017,17.748],[102.03,17.786],[102.046,17.79],[102.037,17.806],[102.047,17.819],[102.052,17.849],[102.051,17.87],[102.038,17.885],[102.041,17.894],[102.024,17.956],[102.025,17.976],[102.018,17.983],[102.026,17.991],[102.042,17.989],[102.038,18.023],[102.056,18.04],[102.055,18.086],[102.084,18.077],[102.096,18.085],[102.113,18.053],[102.104,18.029],[102.143,18.035],[102.14,18.007],[102.152,17.99],[102.161,17.99],[102.174,18.019],[102.188,18.013],[102.205,18.022],[102.205,18.008],[102.238,18.003],[102.272,17.982],[102.279,17.981],[102.284,17.992],[102.309,17.947],[102.323,17.934],[102.366,17.917],[102.365,17.907],[102.389,17.894],[102.4,17.874],[102.396,17.864],[102.402,17.857],[102.401,17.843],[102.425,17.82],[102.441,17.82],[102.429,17.796],[102.442,17.784],[102.437,17.778],[102.44,17.768],[102.45,17.771],[102.453,17.76],[102.468,17.752],[102.523,17.763],[102.533,17.76],[102.539,17.743],[102.615,17.686],[102.598,17.679],[102.602,17.649],[102.596,17.622],[102.617,17.624],[102.646,17.612],[102.648,17.593],[102.662,17.594],[102.695,17.62],[102.715,17.604],[102.731,17.603],[102.741,17.62],[102.745,17.617],[102.75,17.624],[102.763,17.624],[102.76,17.643],[102.774,17.647],[102.774,17.663],[102.783,17.681],[102.83,17.693],[102.836,17.706],[102.833,17.715],[102.851,17.728],[102.843,17.744],[102.85,17.751],[102.846,17.762],[102.854,17.777],[102.846,17.778],[102.844,17.784],[102.85,17.786],[102.839,17.794],[102.842,17.806],[102.826,17.813],[102.839,17.811],[102.836,17.822],[102.851,17.827],[102.844,17.836],[102.867,17.844],[102.865,17.855],[102.874,17.857],[102.873,17.872],[102.868,17.874],[102.874,17.893],[102.884,17.898],[102.891,17.892],[102.928,17.892],[102.937,17.884],[102.946,17.854],[102.969,17.823],[102.983,17.829],[102.988,17.842],[103.005,17.842],[103.005,17.861],[103.014,17.876],[103.039,17.877],[103.039,17.893],[103.045,17.895],[103.044,17.885],[103.052,17.879],[103.078,17.885],[103.082,17.874],[103.096,17.866],[103.1,17.87],[103.101,17.857],[103.115,17.861],[103.117,17.844],[103.128,17.843],[103.124,17.832],[103.136,17.825],[103.133,17.816],[103.15,17.803],[103.167,17.808],[103.176,17.854],[103.192,17.872],[103.2,17.866],[103.208,17.873],[103.218,17.871],[103.238,17.879],[103.241,17.886],[103.255,17.878],[103.27,17.85],[103.295,17.828],[103.329,17.824],[103.34,17.852],[103.357,17.854],[103.377,17.867],[103.374,17.875],[103.39,17.87],[103.397,17.881],[103.395,17.901],[103.413,17.901],[103.417,17.88],[103.406,17.878],[103.408,17.86],[103.395,17.855],[103.399,17.845],[103.406,17.849],[103.423,17.841],[103.413,17.834],[103.402,17.843],[103.4,17.831],[103.395,17.833],[103.397,17.843],[103.381,17.84],[103.391,17.83],[103.376,17.814],[103.382,17.809],[103.375,17.803],[103.377,17.793],[103.371,17.789],[103.368,17.794],[103.371,17.778],[103.381,17.769],[103.378,17.763],[103.384,17.753],[103.4,17.759],[103.409,17.733],[103.404,17.733],[103.411,17.729],[103.401,17.718],[103.407,17.668],[103.399,17.65],[103.397,17.617],[103.41,17.599],[103.407,17.593],[103.376,17.593],[103.374,17.579],[103.361,17.591],[103.337,17.576],[103.341,17.569],[103.331,17.55],[103.322,17.554],[103.317,17.524],[103.288,17.5],[103.289,17.468],[103.275,17.445],[103.276,17.436],[103.283,17.43],[103.282,17.416],[103.302,17.394],[103.273,17.349],[103.271,17.333],[103.257,17.326],[103.253,17.314],[103.262,17.291],[103.281,17.267],[103.308,17.271],[103.337,17.256],[103.351,17.255],[103.361,17.237],[103.378,17.236],[103.382,17.229],[103.4,17.225],[103.417,17.213],[103.427,17.221],[103.451,17.213],[103.463,17.218],[103.47,17.23],[103.474,17.218],[103.524,17.192],[103.569,17.157],[103.59,17.171],[103.599,17.169],[103.613,17.151],[103.621,17.148],[103.638,17.112],[103.655,17.115],[103.667,17.106],[103.655,17.076],[103.665,17.056],[103.661,17.021],[103.648,17.023],[103.652,17.049],[103.62,17.092],[103.606,17.099],[103.592,17.094],[103.579,17.102],[103.574,17.092],[103.548,17.089],[103.547,17.08],[103.537,17.077],[103.537,17.066],[103.519,17.059],[103.518,17.049],[103.507,17.044],[103.513,17.044],[103.511,17.036],[103.518,17.034],[103.52,16.999],[103.503,16.983],[103.5,16.969],[103.494,16.97],[103.486,16.94],[103.493,16.928],[103.491,16.904],[103.484,16.903],[103.475,16.883],[103.472,16.886],[103.47,16.874],[103.455,16.865],[103.452,16.852],[103.442,16.847],[103.449,16.837],[103.445,16.827],[103.421,16.802],[103.41,16.809],[103.423,16.823],[103.417,16.828],[103.41,16.85],[103.4,16.853],[103.411,16.867],[103.395,16.895],[103.381,16.905],[103.372,16.903],[103.351,16.921],[103.287,16.927],[103.253,16.962],[103.234,16.959],[103.219,16.968],[103.199,16.949],[103.185,16.948],[103.176,16.956],[103.16,16.947],[103.118,16.962],[103.111,16.941],[103.099,16.93],[103.098,16.913],[103.082,16.899],[103.074,16.901],[103.053,16.887],[103.036,16.886]]]]}},{"type":"Feature","properties":{"code":"42","name":"เลย"},"geometry":{"type":"MultiPolygon","coordinates":[[[[101.865,16.793],[101.763,16.756],[101.728,16.753],[101.719,16.759],[101.705,16.783],[101.687,16.799],[101.701,16.81],[101.719,16.8],[101.721,16.807],[101.706,16.83],[101.7,16.828],[101.693,16.836],[101.69,16.848],[101.684,16.849],[101.688,16.858],[101.681,16.858],[101.677,16.867],[101.684,16.869],[101.678,16.884],[101.692,16.936],[101.678,16.94],[101.672,16.958],[101.675,16.976],[101.645,17.029],[101.65,17.042],[101.629,17.045],[101.608,16.999],[101.587,16.996],[101.575,16.984],[101.551,16.995],[101.544,17.015],[101.533,17.023],[101.504,17.01],[101.496,17.021],[101.489,17.059],[101.475,17.089],[101.459,17.099],[101.451,17.142],[101.398,17.178],[101.382,17.17],[101.352,17.168],[101.307,17.13],[101.305,17.116],[101.279,17.098],[101.273,17.096],[101.25,17.112],[101.243,17.109],[101.223,17.085],[101.229,17.068],[101.222,17.06],[101.206,17.068],[101.188,17.065],[101.173,17.052],[101.169,17.039],[101.116,17.019],[101.111,17.006],[101.118,16.978],[101.116,16.932],[101.107,16.907],[101.092,16.9],[101.067,16.902],[101.072,16.924],[101.039,16.93],[101.028,16.938],[101.028,16.945],[101.052,16.953],[101.043,16.984],[101.056,17.017],[101.056,17.071],[101.05,17.078],[101.057,17.105],[101.052,17.115],[101.071,17.115],[101.079,17.138],[101.082,17.19],[101.108,17.215],[101.109,17.234],[101.093,17.253],[101.083,17.28],[101.05,17.284],[101.023,17.312],[101.011,17.315],[101.006,17.334],[100.992,17.341],[100.929,17.336],[100.914,17.342],[100.917,17.395],[100.923,17.403],[100.924,17.421],[100.915,17.435],[100.916,17.452],[100.894,17.465],[100.875,17.449],[100.856,17.451],[100.835,17.468],[100.834,17.481],[100.845,17.489],[100.845,17.503],[100.873,17.529],[100.861,17.545],[100.868,17.567],[100.881,17.585],[100.903,17.593],[100.928,17.569],[100.964,17.574],[101.003,17.556],[101.023,17.558],[101.04,17.541],[101.045,17.545],[101.047,17.53],[101.06,17.527],[101.061,17.512],[101.08,17.503],[101.102,17.509],[101.094,17.496],[101.109,17.489],[101.114,17.478],[101.136,17.483],[101.13,17.48],[101.131,17.473],[101.146,17.478],[101.151,17.466],[101.164,17.469],[101.168,17.481],[101.163,17.491],[101.183,17.503],[101.176,17.525],[101.23,17.537],[101.232,17.554],[101.241,17.553],[101.247,17.562],[101.259,17.598],[101.274,17.611],[101.28,17.608],[101.298,17.633],[101.311,17.637],[101.306,17.651],[101.346,17.659],[101.361,17.681],[101.378,17.682],[101.382,17.698],[101.401,17.683],[101.409,17.69],[101.407,17.702],[101.431,17.716],[101.421,17.724],[101.402,17.724],[101.398,17.731],[101.407,17.736],[101.419,17.73],[101.424,17.738],[101.446,17.729],[101.455,17.746],[101.466,17.749],[101.464,17.755],[101.484,17.76],[101.475,17.748],[101.481,17.743],[101.49,17.746],[101.485,17.727],[101.49,17.724],[101.495,17.741],[101.503,17.745],[101.497,17.755],[101.504,17.755],[101.522,17.777],[101.538,17.775],[101.551,17.789],[101.574,17.785],[101.567,17.803],[101.552,17.809],[101.552,17.82],[101.574,17.87],[101.593,17.85],[101.603,17.857],[101.616,17.894],[101.65,17.896],[101.693,17.912],[101.71,17.903],[101.732,17.922],[101.728,17.948],[101.753,18.002],[101.757,18.036],[101.766,18.054],[101.787,18.072],[101.795,18.065],[101.826,18.06],[101.88,18.027],[101.9,18.028],[101.911,18.035],[101.939,18.083],[101.954,18.093],[101.953,18.103],[101.962,18.102],[102.027,18.151],[102.046,18.199],[102.087,18.22],[102.106,18.213],[102.101,18.162],[102.086,18.16],[102.068,18.144],[102.062,18.101],[102.057,18.098],[102.056,18.04],[102.038,18.023],[102.042,17.989],[102.026,17.991],[102.018,17.983],[102.025,17.976],[102.024,17.956],[102.041,17.894],[102.038,17.885],[102.051,17.87],[102.052,17.849],[102.047,17.819],[102.037,17.806],[102.046,17.79],[102.03,17.786],[102.017,17.748],[102.027,17.679],[102.04,17.664],[102.031,17.66],[102.037,17.65],[102.059,17.657],[102.072,17.645],[102.078,17.647],[102.106,17.608],[102.116,17.577],[102.134,17.56],[102.139,17.523],[102.135,17.509],[102.126,17.509],[102.129,17.492],[102.092,17.464],[102.052,17.45],[102.032,17.459],[101.992,17.46],[101.985,17.443],[101.993,17.42],[101.985,17.415],[102.018,17.374],[102.013,17.362],[102.021,17.341],[102.01,17.334],[101.992,17.335],[101.986,17.323],[102.003,17.296],[102.017,17.287],[102.015,17.28],[102.027,17.281],[102.03,17.271],[102.053,17.252],[102.07,17.257],[102.084,17.237],[102.086,17.211],[102.1,17.181],[102.082,17.17],[102.064,17.202],[102.041,17.211],[102.038,17.221],[102.028,17.205],[102.017,17.202],[102.03,17.192],[102.032,17.173],[102.045,17.165],[102.021,17.154],[102.016,17.14],[102.023,17.131],[102.091,17.111],[102.106,17.083],[102.102,17.07],[102.108,17.061],[102.117,17.058],[102.125,17.041],[102.153,17.027],[102.136,17.011],[102.125,16.991],[102.089,16.979],[102.072,16.962],[102.059,16.965],[102.03,16.95],[102.046,16.907],[102.069,16.889],[102.055,16.876],[102.056,16.868],[102.045,16.868],[102.04,16.858],[102.01,16.87],[101.999,16.86],[102.006,16.855],[101.996,16.85],[101.999,16.845],[101.992,16.84],[101.988,16.844],[101.979,16.84],[101.979,16.845],[101.971,16.842],[101.962,16.853],[101.956,16.847],[101.944,16.853],[101.949,16.841],[101.905,16.814],[101.879,16.811],[101.865,16.793]]]]}},{"type":"Feature","properties":{"code":"20","name":"ชลบุรี"},"geometry":{"type":"MultiPolygon","coordinates":[[[[100.974,12.519],[100.974,12.513],[100.966,12.521],[100.974,12.519]]],[[[100.954,12.53],[100.958,12.508],[100.952,12.515],[100.954,12.53]]],[[[100.936,12.573],[100.931,12.572],[100.934,12.576],[100.936,12.573]]],[[[100.95,12.586],[100.963,12.561],[100.952,12.55],[100.942,12.58],[100.946,12.588],[100.95,12.586]]],[[[100.965,12.581],[100.959,12.582],[100.963,12.591],[100.965,12.581]]],[[[100.781,12.717],[100.802,12.717],[100.806,12.696],[100.788,12.675],[100.78,12.671],[100.779,12.677],[100.765,12.703],[100.766,12.713],[100.773,12.704],[100.774,12.719],[100.781,12.717]]],[[[100.849,12.762],[100.838,12.76],[100.846,12.763],[100.849,12.762]]],[[[100.789,12.924],[100.774,12.898],[100.767,12.914],[100.77,12.928],[100.779,12.924],[100.79,12.936],[100.789,12.924]]],[[[100.79,12.944],[100.794,12.944],[100.79,12.941],[100.79,12.944]]],[[[100.809,13.178],[100.82,13.138],[100.81,13.125],[100.803,13.138],[100.807,13.145],[100.8,13.148],[100.805,13.155],[100.798,13.163],[100.801,13.178],[100.809,13.178]]],[[[100.879,12.618],[100.884,12.616],[100.88,12.614],[100.879,12.618]]],[[[100.874,12.642],[100.878,12.636],[100.868,12.628],[100.864,12.64],[100.874,12.642]]],[[[100.967,12.618],[100.963,12.595],[100.953,12.602],[100.945,12.598],[100.935,12.609],[100.926,12.605],[100.914,12.624],[100.927,12.627],[100.93,12.645],[100.915,12.659],[100.896,12.661],[100.887,12.652],[100.85,12.649],[100.862,12.668],[100.856,12.675],[100.843,12.67],[100.84,12.683],[100.857,12.695],[100.838,12.697],[100.834,12.713],[100.84,12.752],[100.853,12.754],[100.856,12.764],[100.869,12.769],[100.877,12.761],[100.888,12.763],[100.904,12.78],[100.913,12.815],[100.892,12.865],[100.856,12.91],[100.862,12.93],[100.869,12.925],[100.883,12.935],[100.883,12.97],[100.893,12.975],[100.901,12.97],[100.921,12.989],[100.928,13.008],[100.926,13.025],[100.901,13.062],[100.888,13.055],[100.885,13.06],[100.895,13.071],[100.883,13.064],[100.879,13.071],[100.887,13.076],[100.871,13.078],[100.879,13.11],[100.897,13.123],[100.9,13.144],[100.923,13.168],[100.936,13.203],[100.922,13.273],[100.898,13.302],[100.903,13.304],[100.903,13.317],[100.918,13.314],[100.926,13.341],[100.94,13.337],[100.948,13.347],[100.971,13.349],[100.976,13.365],[100.983,13.366],[100.977,13.37],[100.984,13.378],[100.983,13.401],[100.968,13.436],[100.974,13.473],[100.983,13.464],[100.996,13.466],[101.006,13.459],[101.039,13.479],[101.036,13.486],[101.05,13.508],[101.07,13.518],[101.071,13.531],[101.056,13.546],[101.041,13.551],[101.046,13.56],[101.056,13.552],[101.069,13.557],[101.093,13.554],[101.114,13.57],[101.121,13.561],[101.142,13.59],[101.195,13.586],[101.253,13.565],[101.268,13.568],[101.294,13.527],[101.351,13.48],[101.361,13.464],[101.394,13.475],[101.405,13.473],[101.41,13.466],[101.401,13.45],[101.433,13.449],[101.468,13.425],[101.49,13.444],[101.496,13.436],[101.491,13.428],[101.502,13.41],[101.532,13.425],[101.55,13.388],[101.545,13.377],[101.551,13.377],[101.55,13.367],[101.557,13.368],[101.564,13.331],[101.58,13.333],[101.6,13.303],[101.64,13.293],[101.657,13.275],[101.668,13.273],[101.693,13.222],[101.713,13.206],[101.718,13.181],[101.714,13.164],[101.703,13.161],[101.695,13.146],[101.661,13.154],[101.657,13.163],[101.637,13.159],[101.613,13.135],[101.591,13.136],[101.583,13.129],[101.574,13.087],[101.545,13.071],[101.519,13.075],[101.514,13.059],[101.485,13.058],[101.488,13.051],[101.469,13.051],[101.464,13.042],[101.472,13.03],[101.458,13.032],[101.444,13.05],[101.435,13.052],[101.417,13.027],[101.407,13.021],[101.402,13.027],[101.395,13.024],[101.38,13.039],[101.365,13.044],[101.341,13.075],[101.324,13.086],[101.311,13.073],[101.302,13.073],[101.291,13.057],[101.272,13.061],[101.26,13.075],[101.251,13.076],[101.24,13.064],[101.221,13.077],[101.21,13.076],[101.196,13.054],[101.201,13.046],[101.188,13.038],[101.158,13.047],[101.173,13.021],[101.173,13.01],[101.167,13.017],[101.166,13.011],[101.163,13.018],[101.157,13.016],[101.155,13.002],[101.136,13.015],[101.124,13.011],[101.109,13.024],[101.103,13.021],[101.087,13.031],[101.067,13.008],[101.075,13.002],[101.085,13.005],[101.095,12.977],[101.104,12.972],[101.09,12.953],[101.086,12.912],[101.079,12.907],[101.073,12.878],[101.061,12.856],[101.064,12.835],[101.047,12.813],[101.037,12.813],[101.019,12.798],[101.013,12.787],[101.015,12.759],[101.003,12.733],[100.99,12.726],[100.994,12.715],[100.985,12.695],[100.993,12.656],[100.969,12.646],[100.964,12.629],[100.967,12.618]]]]}},{"type":"Feature","properties":{"code":"40","name":"ขอนแก่น"},"geometry":{"type":"MultiPolygon","coordinates":[[[[102.849,15.636],[102.807,15.632],[102.791,15.639],[102.786,15.633],[102.777,15.634],[102.78,15.645],[102.749,15.662],[102.747,15.671],[102.717,15.666],[102.708,15.686],[102.696,15.691],[102.689,15.706],[102.695,15.716],[102.691,15.724],[102.679,15.728],[102.667,15.716],[102.639,15.715],[102.61,15.728],[102.597,15.712],[102.556,15.704],[102.533,15.712],[102.513,15.728],[102.482,15.718],[102.453,15.717],[102.42,15.696],[102.404,15.701],[102.379,15.732],[102.361,15.73],[102.357,15.74],[102.363,15.767],[102.344,15.78],[102.328,15.804],[102.316,15.847],[102.321,15.848],[102.322,15.867],[102.338,15.874],[102.341,15.888],[102.353,15.901],[102.362,15.929],[102.355,15.931],[102.364,15.933],[102.369,15.949],[102.375,15.946],[102.367,15.965],[102.372,15.975],[102.386,15.981],[102.385,15.997],[102.373,15.996],[102.368,16.007],[102.365,16.002],[102.355,16.005],[102.352,16.026],[102.344,16.035],[102.336,16.039],[102.327,16.031],[102.312,16.043],[102.302,16.039],[102.28,16.076],[102.327,16.13],[102.403,16.243],[102.414,16.251],[102.411,16.27],[102.446,16.353],[102.447,16.378],[102.459,16.394],[102.413,16.429],[102.406,16.441],[102.41,16.462],[102.396,16.466],[102.398,16.447],[102.382,16.445],[102.373,16.436],[102.365,16.438],[102.365,16.453],[102.324,16.446],[102.319,16.446],[102.317,16.456],[102.3,16.445],[102.278,16.461],[102.269,16.456],[102.255,16.461],[102.256,16.467],[102.243,16.47],[102.235,16.486],[102.228,16.484],[102.206,16.503],[102.192,16.499],[102.183,16.506],[102.173,16.491],[102.165,16.501],[102.157,16.498],[102.158,16.504],[102.149,16.498],[102.141,16.503],[102.134,16.495],[102.068,16.494],[102.073,16.503],[102.043,16.508],[102.03,16.525],[102.034,16.532],[102.028,16.541],[102.032,16.542],[102.024,16.545],[102.024,16.559],[102.007,16.558],[101.989,16.567],[101.992,16.585],[101.978,16.588],[101.984,16.596],[101.976,16.605],[101.978,16.61],[101.97,16.611],[101.967,16.619],[101.956,16.617],[101.951,16.623],[101.956,16.631],[101.939,16.636],[101.92,16.627],[101.914,16.634],[101.905,16.628],[101.903,16.638],[101.885,16.645],[101.873,16.643],[101.869,16.65],[101.854,16.65],[101.853,16.657],[101.829,16.658],[101.823,16.651],[101.806,16.653],[101.774,16.629],[101.778,16.647],[101.764,16.655],[101.754,16.652],[101.752,16.677],[101.766,16.68],[101.772,16.687],[101.776,16.713],[101.792,16.727],[101.786,16.743],[101.79,16.747],[101.783,16.754],[101.788,16.764],[101.865,16.793],[101.879,16.811],[101.905,16.814],[101.949,16.841],[101.944,16.853],[101.956,16.847],[101.962,16.853],[101.971,16.842],[101.979,16.845],[101.979,16.84],[101.988,16.844],[101.992,16.84],[101.999,16.845],[101.996,16.85],[102.006,16.855],[101.999,16.86],[102.01,16.87],[102.04,16.858],[102.045,16.868],[102.056,16.868],[102.063,16.887],[102.081,16.889],[102.099,16.882],[102.097,16.891],[102.105,16.897],[102.124,16.881],[102.144,16.877],[102.156,16.881],[102.158,16.872],[102.171,16.865],[102.18,16.872],[102.188,16.858],[102.204,16.862],[102.215,16.858],[102.234,16.88],[102.249,16.879],[102.255,16.895],[102.296,16.891],[102.291,16.885],[102.307,16.884],[102.302,16.877],[102.311,16.868],[102.325,16.867],[102.316,16.855],[102.33,16.855],[102.332,16.849],[102.323,16.847],[102.34,16.837],[102.338,16.824],[102.347,16.817],[102.351,16.83],[102.361,16.816],[102.378,16.811],[102.378,16.817],[102.392,16.81],[102.406,16.814],[102.421,16.795],[102.445,16.792],[102.454,16.811],[102.471,16.802],[102.479,16.807],[102.497,16.804],[102.538,16.785],[102.611,16.771],[102.624,16.844],[102.68,16.968],[102.669,16.994],[102.68,17.016],[102.68,17.051],[102.699,17.07],[102.7,17.087],[102.708,17.087],[102.722,17.05],[102.75,17.042],[102.762,17.028],[102.787,17.016],[102.802,16.988],[102.825,16.971],[102.804,16.957],[102.821,16.939],[102.809,16.915],[102.81,16.892],[102.824,16.862],[102.842,16.868],[102.854,16.883],[102.873,16.881],[102.918,16.835],[102.949,16.84],[102.975,16.848],[102.996,16.864],[102.998,16.872],[103.007,16.866],[103.036,16.886],[103.053,16.887],[103.074,16.901],[103.082,16.899],[103.098,16.913],[103.124,16.896],[103.114,16.854],[103.102,16.84],[103.114,16.818],[103.123,16.818],[103.138,16.831],[103.136,16.87],[103.173,16.864],[103.171,16.849],[103.178,16.843],[103.184,16.822],[103.18,16.786],[103.17,16.769],[103.152,16.762],[103.146,16.746],[103.159,16.733],[103.146,16.701],[103.158,16.67],[103.151,16.66],[103.151,16.608],[103.121,16.593],[103.119,16.567],[103.104,16.553],[103.08,16.51],[103.04,16.491],[103.032,16.5],[103.017,16.474],[102.953,16.452],[102.962,16.43],[102.975,16.426],[102.972,16.42],[102.959,16.425],[102.957,16.413],[102.946,16.409],[102.946,16.402],[102.956,16.402],[102.949,16.389],[102.936,16.389],[102.938,16.377],[102.924,16.38],[102.919,16.373],[102.927,16.366],[102.917,16.369],[102.905,16.36],[102.909,16.348],[102.896,16.35],[102.894,16.316],[102.871,16.301],[102.846,16.273],[102.846,16.187],[102.858,16.164],[102.846,16.148],[102.855,16.128],[102.868,16.127],[102.861,16.094],[102.848,16.072],[102.862,16.057],[102.856,16.047],[102.86,16.04],[102.895,16.053],[102.892,16.04],[102.885,16.038],[102.89,16.035],[102.883,16.015],[102.905,15.983],[102.906,15.974],[102.891,15.937],[102.91,15.925],[102.902,15.911],[102.906,15.897],[102.93,15.886],[102.923,15.87],[102.919,15.822],[102.932,15.815],[102.93,15.796],[102.883,15.776],[102.875,15.736],[102.876,15.708],[102.869,15.694],[102.876,15.676],[102.886,15.673],[102.884,15.666],[102.864,15.656],[102.86,15.641],[102.849,15.636]]]]}},{"type":"Feature","properties":{"code":"85","name":"ระนอง"},"geometry":{"type":"MultiPolygon","coordinates":[[[[98.354,9.434],[98.35,9.433],[98.35,9.439],[98.354,9.434]]],[[[98.53,9.345],[98.512,9.326],[98.506,9.309],[98.48,9.305],[98.471,9.322],[98.464,9.314],[98.456,9.316],[98.469,9.33],[98.439,9.341],[98.417,9.337],[98.404,9.351],[98.399,9.33],[98.39,9.333],[98.397,9.403],[98.406,9.397],[98.426,9.426],[98.437,9.509],[98.455,9.563],[98.469,9.563],[98.46,9.556],[98.475,9.526],[98.469,9.498],[98.462,9.493],[98.475,9.456],[98.47,9.485],[98.482,9.504],[98.481,9.532],[98.487,9.537],[98.497,9.513],[98.48,9.496],[98.483,9.476],[98.483,9.495],[98.499,9.514],[98.49,9.565],[98.547,9.573],[98.523,9.581],[98.508,9.596],[98.481,9.593],[98.465,9.603],[98.463,9.629],[98.47,9.624],[98.48,9.634],[98.497,9.616],[98.504,9.625],[98.518,9.621],[98.511,9.628],[98.516,9.634],[98.5,9.631],[98.511,9.654],[98.525,9.655],[98.503,9.659],[98.498,9.652],[98.485,9.686],[98.51,9.672],[98.521,9.681],[98.535,9.678],[98.529,9.683],[98.541,9.698],[98.539,9.707],[98.557,9.729],[98.558,9.753],[98.544,9.743],[98.527,9.751],[98.508,9.737],[98.5,9.741],[98.513,9.754],[98.507,9.784],[98.518,9.79],[98.524,9.787],[98.549,9.791],[98.548,9.798],[98.566,9.818],[98.563,9.821],[98.548,9.804],[98.535,9.801],[98.515,9.853],[98.535,9.859],[98.528,9.861],[98.527,9.872],[98.538,9.886],[98.55,9.888],[98.557,9.875],[98.576,9.907],[98.566,9.922],[98.568,9.927],[98.596,9.934],[98.585,9.943],[98.589,9.954],[98.594,9.953],[98.592,9.976],[98.601,9.983],[98.616,10.023],[98.654,10.089],[98.633,10.089],[98.642,10.118],[98.639,10.131],[98.654,10.165],[98.672,10.175],[98.697,10.207],[98.732,10.31],[98.74,10.321],[98.754,10.391],[98.782,10.443],[98.799,10.447],[98.797,10.456],[98.81,10.473],[98.8,10.484],[98.806,10.483],[98.804,10.488],[98.818,10.502],[98.821,10.53],[98.813,10.53],[98.816,10.54],[98.809,10.54],[98.818,10.547],[98.813,10.555],[98.799,10.56],[98.811,10.593],[98.801,10.587],[98.799,10.606],[98.781,10.601],[98.781,10.616],[98.771,10.622],[98.785,10.653],[98.78,10.679],[98.789,10.683],[98.803,10.701],[98.801,10.708],[98.818,10.718],[98.839,10.753],[98.879,10.789],[98.894,10.757],[98.914,10.748],[98.89,10.695],[98.894,10.682],[98.906,10.691],[98.909,10.678],[98.924,10.679],[98.93,10.673],[98.928,10.648],[98.938,10.65],[98.951,10.637],[98.945,10.612],[98.959,10.617],[98.965,10.604],[98.957,10.58],[98.941,10.57],[98.945,10.557],[98.962,10.539],[98.952,10.534],[98.945,10.518],[98.922,10.512],[98.911,10.49],[98.895,10.483],[98.884,10.458],[98.896,10.435],[98.894,10.417],[98.905,10.41],[98.902,10.398],[98.928,10.396],[98.929,10.385],[98.937,10.384],[98.932,10.368],[98.943,10.352],[98.9,10.289],[98.898,10.279],[98.908,10.265],[98.896,10.249],[98.9,10.241],[98.89,10.235],[98.891,10.223],[98.875,10.204],[98.871,10.186],[98.888,10.17],[98.889,10.161],[98.869,10.153],[98.868,10.135],[98.859,10.129],[98.866,10.109],[98.863,10.095],[98.835,10.066],[98.893,10.065],[98.903,10.055],[98.904,10.026],[98.865,9.993],[98.844,9.994],[98.83,9.978],[98.824,9.948],[98.814,9.937],[98.781,9.951],[98.754,9.932],[98.752,9.919],[98.721,9.893],[98.721,9.868],[98.693,9.833],[98.682,9.835],[98.664,9.808],[98.635,9.789],[98.63,9.779],[98.633,9.768],[98.627,9.764],[98.642,9.738],[98.639,9.714],[98.65,9.7],[98.647,9.692],[98.66,9.684],[98.647,9.664],[98.654,9.653],[98.673,9.654],[98.697,9.635],[98.722,9.628],[98.736,9.611],[98.738,9.582],[98.758,9.575],[98.758,9.559],[98.768,9.545],[98.763,9.537],[98.747,9.535],[98.717,9.499],[98.716,9.487],[98.705,9.486],[98.695,9.47],[98.669,9.467],[98.665,9.46],[98.681,9.435],[98.663,9.42],[98.648,9.428],[98.647,9.415],[98.654,9.402],[98.648,9.388],[98.672,9.388],[98.669,9.36],[98.659,9.347],[98.634,9.357],[98.61,9.342],[98.59,9.355],[98.586,9.368],[98.566,9.359],[98.546,9.361],[98.53,9.345]]],[[[98.382,9.479],[98.372,9.478],[98.371,9.494],[98.384,9.485],[98.382,9.479]]],[[[98.342,9.475],[98.331,9.469],[98.338,9.492],[98.354,9.508],[98.342,9.475]]],[[[98.361,9.513],[98.355,9.511],[98.357,9.518],[98.361,9.513]]],[[[98.386,9.572],[98.381,9.565],[98.383,9.572],[98.386,9.572]]],[[[98.481,9.536],[98.481,9.552],[98.485,9.543],[98.481,9.536]]],[[[98.52,9.573],[98.511,9.574],[98.515,9.578],[98.526,9.574],[98.52,9.573]]],[[[98.48,9.58],[98.489,9.578],[98.482,9.571],[98.472,9.58],[98.48,9.58]]],[[[98.471,9.586],[98.465,9.573],[98.461,9.58],[98.467,9.593],[98.471,9.586]]],[[[98.415,9.771],[98.421,9.738],[98.427,9.735],[98.401,9.706],[98.39,9.705],[98.398,9.72],[98.38,9.733],[98.388,9.751],[98.396,9.745],[98.405,9.747],[98.409,9.762],[98.4,9.766],[98.415,9.777],[98.415,9.771]]],[[[98.456,9.862],[98.469,9.863],[98.471,9.857],[98.461,9.841],[98.468,9.825],[98.463,9.814],[98.455,9.818],[98.451,9.809],[98.452,9.79],[98.446,9.801],[98.439,9.798],[98.433,9.805],[98.431,9.829],[98.442,9.833],[98.437,9.856],[98.45,9.874],[98.456,9.862]]],[[[98.474,9.865],[98.469,9.864],[98.471,9.87],[98.474,9.865]]],[[[98.483,9.914],[98.491,9.911],[98.486,9.901],[98.467,9.892],[98.466,9.897],[98.483,9.914]]],[[[98.486,9.933],[98.48,9.928],[98.479,9.933],[98.486,9.933]]],[[[98.521,9.921],[98.507,9.907],[98.513,9.92],[98.521,9.921]]],[[[98.513,9.704],[98.508,9.694],[98.497,9.706],[98.503,9.71],[98.513,9.704]]]]}},{"type":"Feature","properties":{"code":"86","name":"ชุมพร"},"geometry":{"type":"MultiPolygon","coordinates":[[[[99.19,10.051],[99.182,10.049],[99.187,10.058],[99.19,10.051]]],[[[99.146,9.747],[99.159,9.704],[99.156,9.697],[99.135,9.709],[99.127,9.703],[99.052,9.707],[99.04,9.704],[99.034,9.693],[99.01,9.699],[98.982,9.671],[98.978,9.681],[98.967,9.676],[98.94,9.686],[98.91,9.723],[98.896,9.718],[98.88,9.73],[98.865,9.727],[98.844,9.704],[98.822,9.703],[98.792,9.684],[98.788,9.691],[98.768,9.687],[98.766,9.628],[98.739,9.601],[98.722,9.628],[98.697,9.635],[98.673,9.654],[98.654,9.653],[98.647,9.664],[98.66,9.684],[98.647,9.692],[98.65,9.7],[98.639,9.714],[98.642,9.738],[98.627,9.764],[98.633,9.768],[98.63,9.779],[98.635,9.789],[98.664,9.808],[98.682,9.835],[98.693,9.833],[98.721,9.868],[98.721,9.893],[98.752,9.919],[98.754,9.932],[98.781,9.951],[98.814,9.937],[98.824,9.948],[98.83,9.978],[98.844,9.994],[98.865,9.993],[98.904,10.026],[98.903,10.055],[98.893,10.065],[98.835,10.066],[98.863,10.095],[98.866,10.109],[98.859,10.129],[98.868,10.135],[98.869,10.153],[98.889,10.161],[98.888,10.17],[98.871,10.186],[98.875,10.204],[98.891,10.223],[98.89,10.235],[98.9,10.241],[98.896,10.249],[98.908,10.265],[98.898,10.279],[98.9,10.289],[98.943,10.352],[98.932,10.368],[98.937,10.384],[98.929,10.385],[98.928,10.396],[98.902,10.398],[98.905,10.41],[98.894,10.417],[98.896,10.435],[98.884,10.458],[98.895,10.483],[98.911,10.49],[98.922,10.512],[98.945,10.518],[98.952,10.534],[98.962,10.539],[98.945,10.557],[98.941,10.57],[98.957,10.58],[98.965,10.604],[98.959,10.617],[98.945,10.612],[98.951,10.637],[98.938,10.65],[98.928,10.648],[98.93,10.673],[98.924,10.679],[98.909,10.678],[98.906,10.691],[98.894,10.682],[98.89,10.695],[98.914,10.748],[98.894,10.757],[98.889,10.774],[98.905,10.781],[98.905,10.794],[98.923,10.827],[98.937,10.819],[98.936,10.813],[98.958,10.812],[98.973,10.832],[98.983,10.832],[98.99,10.844],[99.011,10.857],[99.012,10.872],[99.0,10.881],[99.006,10.893],[98.998,10.911],[99.003,10.935],[99.012,10.943],[99.02,10.967],[99.026,10.97],[99.049,10.963],[99.057,10.947],[99.081,10.955],[99.094,10.972],[99.102,11.013],[99.13,11.031],[99.151,11.033],[99.149,11.014],[99.165,11.011],[99.169,11.002],[99.199,10.997],[99.202,10.986],[99.206,10.99],[99.239,10.979],[99.241,10.972],[99.272,10.966],[99.28,10.958],[99.291,10.97],[99.335,10.966],[99.346,10.976],[99.369,10.969],[99.375,10.973],[99.382,10.962],[99.407,10.956],[99.471,10.993],[99.497,10.989],[99.489,10.966],[99.492,10.935],[99.502,10.915],[99.51,10.916],[99.508,10.906],[99.519,10.896],[99.508,10.885],[99.51,10.873],[99.498,10.862],[99.495,10.88],[99.484,10.882],[99.49,10.882],[99.484,10.889],[99.466,10.871],[99.441,10.872],[99.413,10.763],[99.394,10.744],[99.38,10.708],[99.371,10.707],[99.36,10.694],[99.359,10.682],[99.368,10.678],[99.359,10.666],[99.358,10.677],[99.348,10.684],[99.332,10.681],[99.318,10.669],[99.281,10.6],[99.283,10.583],[99.275,10.57],[99.273,10.542],[99.261,10.537],[99.241,10.54],[99.237,10.522],[99.247,10.507],[99.267,10.516],[99.259,10.5],[99.231,10.494],[99.228,10.469],[99.245,10.445],[99.283,10.411],[99.279,10.399],[99.285,10.366],[99.278,10.355],[99.271,10.353],[99.262,10.363],[99.253,10.363],[99.238,10.344],[99.209,10.374],[99.162,10.368],[99.147,10.349],[99.153,10.331],[99.15,10.301],[99.162,10.279],[99.188,10.276],[99.185,10.269],[99.191,10.265],[99.205,10.271],[99.203,10.252],[99.212,10.237],[99.219,10.238],[99.222,10.227],[99.238,10.238],[99.247,10.236],[99.215,10.21],[99.197,10.217],[99.191,10.211],[99.183,10.176],[99.176,10.172],[99.17,10.152],[99.154,10.144],[99.148,10.126],[99.149,10.094],[99.157,10.082],[99.151,10.072],[99.17,10.043],[99.182,10.043],[99.18,10.031],[99.172,10.029],[99.179,10.017],[99.175,10.008],[99.163,10.013],[99.151,9.997],[99.162,9.918],[99.157,9.893],[99.165,9.859],[99.162,9.848],[99.154,9.849],[99.14,9.826],[99.146,9.747]]],[[[99.26,10.259],[99.256,10.249],[99.254,10.259],[99.26,10.259]]],[[[99.298,10.443],[99.303,10.44],[99.297,10.434],[99.288,10.437],[99.298,10.452],[99.298,10.443]]],[[[99.49,10.86],[99.489,10.853],[99.47,10.837],[99.49,10.86]]]]}},{"type":"Feature","properties":{"code":"83","name":"ภูเก็ต"},"geometry":{"type":"MultiPolygon","coordinates":[[[[98.333,7.523],[98.325,7.499],[98.321,7.508],[98.333,7.523]]],[[[98.378,7.611],[98.367,7.591],[98.355,7.59],[98.354,7.604],[98.368,7.608],[98.362,7.615],[98.37,7.61],[98.376,7.618],[98.378,7.611]]],[[[98.369,7.749],[98.385,7.746],[98.38,7.739],[98.372,7.744],[98.358,7.735],[98.369,7.749]]],[[[98.437,7.945],[98.431,7.927],[98.417,7.929],[98.416,7.943],[98.437,7.945]]],[[[98.45,7.954],[98.445,7.955],[98.447,7.962],[98.45,7.954]]],[[[98.461,8.033],[98.461,8.022],[98.459,8.032],[98.461,8.033]]],[[[98.466,8.062],[98.472,8.047],[98.468,8.039],[98.457,8.056],[98.466,8.062]]],[[[98.45,8.063],[98.45,8.057],[98.442,8.06],[98.45,8.063]]],[[[98.368,7.796],[98.383,7.794],[98.389,7.781],[98.361,7.782],[98.355,7.789],[98.368,7.796]]],[[[98.415,7.831],[98.416,7.826],[98.41,7.828],[98.415,7.831]]],[[[98.344,7.821],[98.332,7.788],[98.338,7.78],[98.318,7.77],[98.318,7.762],[98.302,7.759],[98.304,7.779],[98.288,7.777],[98.291,7.788],[98.285,7.793],[98.299,7.805],[98.299,7.817],[98.289,7.825],[98.295,7.834],[98.29,7.858],[98.272,7.871],[98.271,7.883],[98.261,7.887],[98.263,7.894],[98.287,7.885],[98.297,7.906],[98.292,7.917],[98.272,7.926],[98.262,7.924],[98.258,7.936],[98.263,7.949],[98.282,7.953],[98.277,7.982],[98.27,7.988],[98.287,7.985],[98.293,8.004],[98.288,8.031],[98.28,8.03],[98.285,8.036],[98.272,8.038],[98.277,8.05],[98.272,8.078],[98.297,8.089],[98.302,8.109],[98.284,8.196],[98.302,8.198],[98.298,8.189],[98.306,8.193],[98.338,8.172],[98.348,8.144],[98.345,8.129],[98.35,8.115],[98.366,8.135],[98.394,8.119],[98.382,8.093],[98.397,8.082],[98.408,8.081],[98.427,8.102],[98.44,8.093],[98.434,8.077],[98.444,8.071],[98.43,8.057],[98.432,8.04],[98.421,8.046],[98.41,8.031],[98.408,8.009],[98.425,7.988],[98.421,7.984],[98.41,7.991],[98.393,7.979],[98.392,7.95],[98.412,7.929],[98.411,7.914],[98.426,7.899],[98.432,7.912],[98.442,7.916],[98.437,7.896],[98.445,7.884],[98.43,7.878],[98.437,7.866],[98.426,7.875],[98.416,7.87],[98.417,7.879],[98.394,7.87],[98.396,7.839],[98.41,7.838],[98.401,7.834],[98.405,7.831],[98.401,7.813],[98.412,7.802],[98.396,7.815],[98.389,7.806],[98.385,7.809],[98.375,7.841],[98.355,7.834],[98.344,7.821]]]]}},{"type":"Feature","properties":{"code":"84","name":"สุราษฎร์ธานี"},"geometry":{"type":"MultiPolygon","coordinates":[[[[99.964,9.31],[99.96,9.304],[99.951,9.312],[99.964,9.31]]],[[[99.95,9.375],[99.959,9.371],[99.957,9.362],[99.942,9.356],[99.929,9.36],[99.938,9.368],[99.937,9.382],[99.951,9.396],[99.95,9.375]]],[[[99.67,9.384],[99.667,9.379],[99.662,9.385],[99.665,9.399],[99.672,9.406],[99.677,9.395],[99.67,9.384]]],[[[99.673,9.425],[99.666,9.43],[99.672,9.434],[99.673,9.425]]],[[[99.653,9.448],[99.653,9.442],[99.65,9.449],[99.653,9.448]]],[[[99.916,9.309],[99.91,9.316],[99.915,9.314],[99.916,9.309]]],[[[99.674,9.473],[99.68,9.463],[99.667,9.468],[99.674,9.473]]],[[[99.968,9.411],[99.951,9.423],[99.929,9.418],[99.929,9.429],[99.937,9.43],[99.933,9.467],[99.918,9.492],[99.932,9.497],[99.934,9.538],[99.926,9.56],[99.912,9.57],[99.918,9.577],[99.982,9.588],[99.995,9.572],[100.017,9.574],[100.018,9.567],[100.032,9.56],[100.041,9.565],[100.048,9.559],[100.056,9.559],[100.068,9.594],[100.08,9.589],[100.08,9.575],[100.091,9.57],[100.056,9.516],[100.055,9.504],[100.074,9.471],[100.049,9.469],[100.04,9.452],[100.028,9.451],[100.01,9.421],[99.986,9.423],[99.968,9.411]]],[[[100.083,9.536],[100.082,9.537],[100.081,9.542],[100.083,9.536]]],[[[99.69,9.552],[99.708,9.547],[99.7,9.534],[99.707,9.531],[99.701,9.528],[99.701,9.514],[99.681,9.507],[99.662,9.514],[99.662,9.529],[99.666,9.528],[99.666,9.537],[99.69,9.552]]],[[[99.665,9.548],[99.659,9.545],[99.665,9.558],[99.665,9.548]]],[[[99.673,9.787],[99.671,9.779],[99.672,9.79],[99.673,9.787]]],[[[99.203,8.367],[99.175,8.373],[99.152,8.361],[99.119,8.367],[99.052,8.36],[99.034,8.365],[98.97,8.417],[98.947,8.425],[98.939,8.439],[98.95,8.492],[98.941,8.533],[98.933,8.541],[98.936,8.585],[98.919,8.593],[98.918,8.609],[98.891,8.668],[98.844,8.655],[98.8,8.656],[98.796,8.641],[98.76,8.672],[98.746,8.673],[98.722,8.629],[98.704,8.632],[98.685,8.656],[98.671,8.661],[98.663,8.656],[98.649,8.66],[98.638,8.644],[98.612,8.638],[98.604,8.627],[98.565,8.638],[98.536,8.661],[98.545,8.674],[98.57,8.682],[98.582,8.704],[98.594,8.712],[98.598,8.797],[98.555,8.814],[98.553,8.829],[98.532,8.846],[98.536,8.858],[98.514,8.86],[98.505,8.881],[98.445,8.896],[98.456,8.932],[98.442,8.945],[98.451,8.967],[98.494,8.985],[98.505,8.983],[98.511,8.998],[98.488,9.016],[98.473,9.065],[98.495,9.081],[98.48,9.124],[98.486,9.132],[98.482,9.149],[98.503,9.154],[98.493,9.187],[98.497,9.201],[98.502,9.217],[98.525,9.236],[98.531,9.256],[98.527,9.298],[98.506,9.309],[98.512,9.326],[98.546,9.361],[98.566,9.359],[98.586,9.368],[98.59,9.355],[98.61,9.342],[98.634,9.357],[98.659,9.347],[98.669,9.36],[98.672,9.388],[98.648,9.388],[98.654,9.402],[98.647,9.415],[98.648,9.428],[98.663,9.42],[98.681,9.435],[98.667,9.449],[98.669,9.467],[98.695,9.47],[98.705,9.486],[98.716,9.487],[98.717,9.499],[98.747,9.535],[98.763,9.537],[98.768,9.545],[98.758,9.559],[98.758,9.575],[98.738,9.582],[98.739,9.601],[98.766,9.628],[98.768,9.687],[98.788,9.691],[98.792,9.684],[98.822,9.703],[98.844,9.704],[98.865,9.727],[98.88,9.73],[98.896,9.718],[98.91,9.723],[98.94,9.686],[98.967,9.676],[98.978,9.681],[98.982,9.671],[99.01,9.699],[99.034,9.693],[99.04,9.704],[99.052,9.707],[99.127,9.703],[99.135,9.709],[99.152,9.696],[99.159,9.704],[99.161,9.68],[99.209,9.601],[99.213,9.558],[99.257,9.458],[99.305,9.406],[99.313,9.389],[99.294,9.405],[99.279,9.392],[99.274,9.376],[99.263,9.371],[99.262,9.361],[99.239,9.354],[99.237,9.347],[99.234,9.351],[99.219,9.339],[99.212,9.306],[99.227,9.278],[99.223,9.258],[99.251,9.223],[99.259,9.227],[99.263,9.216],[99.274,9.215],[99.286,9.233],[99.298,9.231],[99.31,9.245],[99.311,9.239],[99.323,9.245],[99.315,9.236],[99.323,9.235],[99.321,9.231],[99.313,9.229],[99.312,9.221],[99.322,9.216],[99.337,9.227],[99.335,9.221],[99.344,9.222],[99.337,9.216],[99.339,9.207],[99.362,9.215],[99.358,9.207],[99.367,9.19],[99.376,9.201],[99.376,9.195],[99.388,9.2],[99.382,9.193],[99.411,9.205],[99.466,9.198],[99.498,9.221],[99.507,9.259],[99.527,9.283],[99.54,9.287],[99.589,9.268],[99.608,9.269],[99.639,9.3],[99.666,9.303],[99.682,9.313],[99.681,9.338],[99.692,9.326],[99.729,9.312],[99.744,9.329],[99.742,9.324],[99.759,9.315],[99.769,9.323],[99.763,9.291],[99.772,9.277],[99.772,9.262],[99.762,9.269],[99.748,9.264],[99.754,9.221],[99.747,9.205],[99.739,9.201],[99.742,9.185],[99.737,9.169],[99.722,9.157],[99.723,9.142],[99.735,9.126],[99.724,9.113],[99.741,9.115],[99.772,9.097],[99.763,9.072],[99.745,9.07],[99.74,9.038],[99.745,9.026],[99.733,9.013],[99.723,8.977],[99.713,8.97],[99.694,8.974],[99.689,8.96],[99.696,8.952],[99.696,8.935],[99.652,8.922],[99.648,8.929],[99.627,8.912],[99.613,8.928],[99.583,8.918],[99.576,8.91],[99.574,8.891],[99.558,8.878],[99.56,8.851],[99.53,8.85],[99.517,8.835],[99.527,8.811],[99.523,8.766],[99.53,8.76],[99.523,8.719],[99.507,8.713],[99.492,8.696],[99.495,8.673],[99.478,8.658],[99.478,8.647],[99.464,8.65],[99.454,8.643],[99.448,8.622],[99.456,8.604],[99.441,8.6],[99.418,8.57],[99.416,8.553],[99.405,8.55],[99.395,8.533],[99.393,8.514],[99.377,8.515],[99.349,8.495],[99.326,8.49],[99.314,8.476],[99.297,8.476],[99.287,8.47],[99.288,8.464],[99.279,8.463],[99.278,8.456],[99.271,8.458],[99.26,8.449],[99.262,8.437],[99.245,8.406],[99.234,8.398],[99.24,8.366],[99.246,8.368],[99.262,8.351],[99.276,8.352],[99.283,8.318],[99.292,8.313],[99.275,8.301],[99.263,8.302],[99.221,8.325],[99.209,8.337],[99.203,8.367]]],[[[99.671,9.64],[99.682,9.631],[99.685,9.615],[99.677,9.606],[99.669,9.612],[99.662,9.637],[99.671,9.64]]],[[[99.668,9.651],[99.66,9.655],[99.665,9.661],[99.668,9.651]]],[[[99.689,9.664],[99.679,9.653],[99.679,9.663],[99.689,9.664]]],[[[99.677,9.704],[99.68,9.695],[99.674,9.692],[99.677,9.704]]],[[[100.063,9.787],[100.056,9.782],[100.056,9.773],[100.067,9.773],[100.073,9.767],[100.081,9.74],[100.075,9.714],[100.082,9.697],[100.074,9.691],[100.078,9.683],[100.068,9.678],[100.077,9.667],[100.07,9.667],[100.038,9.694],[99.986,9.71],[99.976,9.723],[99.98,9.733],[99.974,9.75],[99.964,9.752],[99.961,9.768],[99.971,9.792],[99.991,9.804],[100.005,9.787],[100.017,9.803],[100.025,9.805],[100.034,9.793],[100.063,9.787]]],[[[99.666,9.67],[99.669,9.666],[99.663,9.666],[99.666,9.67]]]]}},{"type":"Feature","properties":{"code":"81","name":"กระบี่"},"geometry":{"type":"MultiPolygon","coordinates":[[[[99.061,7.215],[99.068,7.209],[99.059,7.197],[99.054,7.199],[99.061,7.215]]],[[[99.079,7.23],[99.083,7.219],[99.069,7.214],[99.061,7.219],[99.079,7.23]]],[[[99.218,7.406],[99.21,7.403],[99.199,7.402],[99.201,7.435],[99.218,7.406]]],[[[99.123,7.542],[99.136,7.535],[99.135,7.525],[99.117,7.543],[99.123,7.542]]],[[[99.118,7.494],[99.12,7.5],[99.122,7.495],[99.118,7.494]]],[[[99.075,7.571],[99.08,7.55],[99.111,7.498],[99.109,7.482],[99.099,7.467],[99.067,7.5],[99.035,7.565],[99.027,7.622],[99.032,7.627],[99.02,7.649],[99.039,7.65],[99.048,7.644],[99.059,7.614],[99.065,7.617],[99.066,7.609],[99.079,7.597],[99.075,7.571]]],[[[99.147,7.583],[99.142,7.595],[99.148,7.59],[99.147,7.583]]],[[[99.146,7.616],[99.14,7.641],[99.146,7.639],[99.146,7.616]]],[[[99.069,7.687],[99.092,7.679],[99.109,7.686],[99.122,7.67],[99.13,7.642],[99.117,7.625],[99.125,7.611],[99.12,7.588],[99.115,7.587],[99.117,7.598],[99.11,7.602],[99.091,7.606],[99.087,7.596],[99.079,7.601],[99.058,7.624],[99.051,7.648],[99.038,7.655],[99.039,7.684],[99.069,7.687]]],[[[98.772,7.762],[98.781,7.758],[98.792,7.729],[98.768,7.738],[98.769,7.718],[98.756,7.732],[98.758,7.746],[98.768,7.74],[98.774,7.744],[98.76,7.761],[98.758,7.765],[98.766,7.765],[98.757,7.788],[98.772,7.762]]],[[[99.13,7.733],[99.122,7.736],[99.123,7.743],[99.13,7.733]]],[[[98.994,7.805],[98.997,7.797],[98.993,7.801],[98.994,7.805]]],[[[98.992,7.806],[98.988,7.81],[98.993,7.808],[98.992,7.806]]],[[[98.796,7.815],[98.793,7.819],[98.797,7.821],[98.796,7.815]]],[[[98.765,7.695],[98.771,7.679],[98.764,7.673],[98.765,7.68],[98.761,7.683],[98.765,7.695]]],[[[99.119,7.696],[99.112,7.715],[99.12,7.705],[99.119,7.696]]],[[[99.034,7.819],[99.039,7.819],[99.026,7.836],[99.035,7.838],[99.047,7.86],[99.077,7.887],[99.084,7.91],[99.08,7.918],[99.072,7.916],[99.07,7.923],[99.064,7.922],[99.051,7.896],[99.032,7.886],[99.02,7.891],[99.014,7.917],[99.002,7.938],[98.978,7.939],[98.972,7.933],[98.941,7.99],[98.951,7.998],[98.965,7.985],[98.982,7.995],[98.982,8.016],[98.971,8.004],[98.959,8.014],[98.959,8.025],[98.954,8.002],[98.937,7.993],[98.894,7.937],[98.858,7.995],[98.856,8.022],[98.842,8.012],[98.84,8.003],[98.836,8.016],[98.827,8.017],[98.826,8.029],[98.799,8.048],[98.773,8.042],[98.774,8.023],[98.765,8.021],[98.763,8.041],[98.74,8.078],[98.747,8.089],[98.747,8.115],[98.725,8.1],[98.698,8.05],[98.667,8.037],[98.672,8.094],[98.663,8.131],[98.678,8.129],[98.696,8.145],[98.677,8.185],[98.658,8.21],[98.623,8.233],[98.604,8.301],[98.605,8.316],[98.633,8.374],[98.663,8.385],[98.643,8.413],[98.663,8.425],[98.668,8.46],[98.648,8.484],[98.654,8.484],[98.676,8.518],[98.691,8.576],[98.707,8.597],[98.704,8.632],[98.722,8.629],[98.746,8.673],[98.76,8.672],[98.796,8.641],[98.8,8.656],[98.844,8.655],[98.891,8.668],[98.918,8.609],[98.919,8.593],[98.936,8.585],[98.933,8.541],[98.941,8.533],[98.95,8.492],[98.939,8.439],[98.947,8.425],[98.97,8.417],[99.034,8.365],[99.052,8.36],[99.119,8.367],[99.152,8.361],[99.175,8.373],[99.203,8.367],[99.209,8.337],[99.221,8.325],[99.263,8.302],[99.275,8.301],[99.299,8.316],[99.298,8.307],[99.331,8.291],[99.333,8.258],[99.322,8.251],[99.312,8.235],[99.322,8.209],[99.317,8.195],[99.305,8.19],[99.307,8.175],[99.29,8.166],[99.289,8.151],[99.299,8.141],[99.297,8.132],[99.353,8.132],[99.386,8.141],[99.394,8.088],[99.385,8.082],[99.388,8.065],[99.415,8.001],[99.398,7.983],[99.393,7.964],[99.397,7.954],[99.386,7.942],[99.37,7.946],[99.363,7.936],[99.334,7.929],[99.331,7.88],[99.314,7.867],[99.29,7.862],[99.278,7.849],[99.294,7.825],[99.287,7.811],[99.303,7.809],[99.301,7.79],[99.288,7.771],[99.289,7.762],[99.306,7.755],[99.312,7.729],[99.308,7.701],[99.296,7.689],[99.287,7.688],[99.285,7.68],[99.276,7.68],[99.262,7.663],[99.178,7.613],[99.145,7.725],[99.124,7.752],[99.104,7.761],[99.099,7.772],[99.1,7.764],[99.115,7.753],[99.111,7.728],[99.102,7.748],[99.109,7.714],[99.102,7.697],[99.091,7.69],[99.067,7.695],[99.047,7.725],[99.063,7.699],[99.042,7.7],[99.02,7.765],[99.025,7.771],[99.045,7.771],[99.048,7.765],[99.043,7.759],[99.05,7.767],[99.042,7.774],[99.026,7.774],[99.022,7.781],[99.031,7.797],[99.017,7.823],[99.028,7.83],[99.034,7.819]]],[[[99.072,7.915],[99.079,7.916],[99.08,7.902],[99.064,7.875],[99.058,7.878],[99.065,7.919],[99.072,7.915]]],[[[98.809,7.968],[98.805,7.973],[98.814,7.974],[98.809,7.968]]],[[[98.808,7.95],[98.803,7.954],[98.809,7.958],[98.808,7.95]]],[[[99.044,7.867],[99.043,7.871],[99.049,7.869],[99.044,7.867]]],[[[98.967,7.853],[98.973,7.852],[98.984,7.822],[98.983,7.803],[98.992,7.797],[98.987,7.783],[98.958,7.823],[98.935,7.839],[98.939,7.854],[98.955,7.858],[98.967,7.853]]],[[[98.994,7.819],[98.988,7.815],[98.981,7.83],[98.991,7.844],[98.994,7.819]]],[[[99.032,7.867],[99.04,7.863],[99.038,7.855],[99.033,7.853],[99.031,7.841],[99.018,7.837],[99.003,7.869],[99.006,7.882],[99.022,7.884],[99.032,7.867]]],[[[98.991,7.85],[98.968,7.923],[98.991,7.924],[98.998,7.901],[98.991,7.85]]],[[[99.053,7.883],[99.044,7.883],[99.057,7.895],[99.053,7.883]]]]}},{"type":"Feature","properties":{"code":"49","name":"มุกดาหาร"},"geometry":{"type":"MultiPolygon","coordinates":[[[[104.956,16.278],[104.96,16.273],[104.947,16.262],[104.932,16.253],[104.912,16.255],[104.907,16.246],[104.885,16.235],[104.881,16.214],[104.854,16.201],[104.827,16.205],[104.822,16.191],[104.813,16.186],[104.798,16.189],[104.79,16.2],[104.765,16.196],[104.747,16.203],[104.716,16.204],[104.709,16.211],[104.703,16.207],[104.692,16.215],[104.692,16.226],[104.672,16.231],[104.666,16.244],[104.659,16.225],[104.626,16.212],[104.602,16.225],[104.599,16.24],[104.584,16.238],[104.573,16.259],[104.56,16.262],[104.558,16.268],[104.567,16.274],[104.551,16.312],[104.512,16.316],[104.499,16.341],[104.407,16.347],[104.399,16.342],[104.394,16.347],[104.364,16.338],[104.352,16.325],[104.323,16.331],[104.33,16.341],[104.317,16.388],[104.32,16.42],[104.312,16.446],[104.294,16.472],[104.285,16.451],[104.268,16.438],[104.246,16.437],[104.238,16.428],[104.239,16.455],[104.226,16.475],[104.238,16.492],[104.239,16.523],[104.223,16.531],[104.226,16.551],[104.217,16.563],[104.206,16.565],[104.207,16.582],[104.179,16.597],[104.175,16.609],[104.18,16.621],[104.177,16.636],[104.197,16.65],[104.199,16.66],[104.163,16.679],[104.171,16.697],[104.153,16.7],[104.15,16.717],[104.131,16.743],[104.137,16.757],[104.118,16.759],[104.093,16.794],[104.091,16.811],[104.083,16.809],[104.071,16.822],[104.076,16.827],[104.088,16.827],[104.109,16.841],[104.125,16.862],[104.121,16.882],[104.126,16.887],[104.178,16.888],[104.209,16.873],[104.22,16.892],[104.243,16.893],[104.248,16.872],[104.26,16.874],[104.266,16.865],[104.278,16.862],[104.278,16.857],[104.287,16.857],[104.296,16.838],[104.32,16.874],[104.357,16.881],[104.358,16.87],[104.381,16.865],[104.399,16.838],[104.409,16.841],[104.398,16.865],[104.405,16.877],[104.409,16.861],[104.414,16.869],[104.42,16.858],[104.439,16.871],[104.428,16.862],[104.43,16.857],[104.439,16.862],[104.432,16.847],[104.44,16.843],[104.44,16.856],[104.449,16.857],[104.445,16.834],[104.453,16.828],[104.459,16.851],[104.456,16.86],[104.467,16.853],[104.468,16.84],[104.479,16.842],[104.466,16.865],[104.485,16.852],[104.498,16.85],[104.549,16.866],[104.629,16.862],[104.638,16.842],[104.637,16.825],[104.668,16.787],[104.673,16.795],[104.699,16.792],[104.694,16.815],[104.701,16.827],[104.711,16.829],[104.723,16.809],[104.737,16.805],[104.764,16.7],[104.742,16.628],[104.733,16.563],[104.738,16.541],[104.757,16.511],[104.789,16.485],[104.837,16.46],[104.852,16.444],[104.861,16.427],[104.862,16.401],[104.885,16.371],[104.885,16.356],[104.892,16.345],[104.929,16.333],[104.958,16.292],[104.98,16.278],[104.973,16.274],[104.958,16.283],[104.956,16.278]]]]}},{"type":"Feature","properties":{"code":"82","name":"พังงา"},"geometry":{"type":"MultiPolygon","coordinates":[[[[98.601,8.027],[98.602,7.993],[98.61,7.985],[98.614,7.964],[98.596,7.888],[98.595,7.902],[98.581,7.922],[98.582,7.896],[98.576,7.902],[98.577,7.925],[98.564,7.96],[98.571,7.976],[98.565,7.99],[98.57,7.993],[98.579,7.978],[98.589,8.003],[98.586,8.017],[98.553,8.04],[98.554,8.027],[98.546,8.051],[98.549,8.057],[98.543,8.055],[98.538,8.063],[98.544,8.062],[98.542,8.067],[98.53,8.071],[98.532,8.081],[98.524,8.088],[98.526,8.096],[98.529,8.089],[98.546,8.093],[98.552,8.085],[98.546,8.094],[98.531,8.091],[98.528,8.117],[98.571,8.078],[98.583,8.075],[98.602,8.084],[98.592,8.064],[98.61,8.044],[98.601,8.027]]],[[[98.637,8.185],[98.639,8.178],[98.632,8.168],[98.637,8.167],[98.636,8.158],[98.63,8.151],[98.634,8.141],[98.622,8.128],[98.628,8.126],[98.625,8.101],[98.618,8.098],[98.618,8.081],[98.61,8.082],[98.611,8.094],[98.597,8.102],[98.587,8.097],[98.562,8.12],[98.576,8.114],[98.59,8.12],[98.602,8.155],[98.62,8.172],[98.622,8.182],[98.626,8.175],[98.627,8.185],[98.637,8.185]]],[[[98.522,8.219],[98.524,8.18],[98.456,8.114],[98.42,8.125],[98.383,8.121],[98.36,8.144],[98.354,8.174],[98.332,8.178],[98.293,8.204],[98.282,8.202],[98.283,8.246],[98.269,8.307],[98.204,8.555],[98.213,8.588],[98.22,8.59],[98.231,8.582],[98.24,8.59],[98.237,8.616],[98.229,8.623],[98.247,8.639],[98.236,8.722],[98.223,8.728],[98.221,8.738],[98.233,8.734],[98.25,8.743],[98.26,8.762],[98.26,8.795],[98.251,8.81],[98.265,8.826],[98.268,8.87],[98.246,8.913],[98.263,8.952],[98.258,8.987],[98.247,9.003],[98.249,9.125],[98.261,9.143],[98.264,9.206],[98.276,9.208],[98.283,9.228],[98.297,9.242],[98.297,9.357],[98.399,9.33],[98.404,9.351],[98.417,9.337],[98.439,9.341],[98.469,9.33],[98.456,9.316],[98.464,9.314],[98.471,9.322],[98.48,9.305],[98.506,9.309],[98.527,9.298],[98.531,9.256],[98.525,9.236],[98.502,9.217],[98.493,9.187],[98.496,9.166],[98.503,9.154],[98.482,9.149],[98.486,9.132],[98.48,9.124],[98.495,9.081],[98.473,9.065],[98.473,9.05],[98.485,9.035],[98.488,9.016],[98.511,8.998],[98.505,8.983],[98.494,8.985],[98.451,8.967],[98.442,8.945],[98.456,8.932],[98.445,8.896],[98.505,8.881],[98.514,8.86],[98.536,8.858],[98.532,8.846],[98.553,8.829],[98.555,8.814],[98.598,8.797],[98.594,8.712],[98.582,8.704],[98.57,8.682],[98.545,8.674],[98.536,8.661],[98.565,8.638],[98.604,8.627],[98.612,8.638],[98.638,8.644],[98.649,8.66],[98.663,8.656],[98.671,8.661],[98.685,8.656],[98.704,8.632],[98.707,8.597],[98.691,8.576],[98.676,8.518],[98.654,8.484],[98.648,8.484],[98.668,8.46],[98.663,8.425],[98.643,8.413],[98.663,8.385],[98.633,8.374],[98.622,8.355],[98.605,8.316],[98.609,8.266],[98.518,8.267],[98.513,8.252],[98.522,8.219]]],[[[97.647,8.479],[97.64,8.474],[97.629,8.488],[97.635,8.491],[97.647,8.479]]],[[[97.632,8.513],[97.64,8.498],[97.632,8.501],[97.623,8.517],[97.632,8.513]]],[[[97.625,8.57],[97.632,8.567],[97.628,8.553],[97.625,8.57]]],[[[97.629,8.587],[97.627,8.601],[97.634,8.593],[97.629,8.587]]],[[[97.639,8.665],[97.643,8.661],[97.642,8.617],[97.635,8.622],[97.626,8.656],[97.639,8.665]]],[[[97.642,8.675],[97.642,8.668],[97.631,8.673],[97.642,8.675]]],[[[97.813,9.06],[97.807,9.068],[97.81,9.082],[97.819,9.067],[97.813,9.06]]],[[[97.868,9.375],[97.87,9.369],[97.863,9.366],[97.868,9.375]]],[[[97.833,9.419],[97.828,9.42],[97.832,9.426],[97.833,9.419]]],[[[97.887,9.462],[97.903,9.453],[97.905,9.426],[97.9,9.421],[97.894,9.428],[97.876,9.432],[97.881,9.414],[97.872,9.417],[97.87,9.41],[97.88,9.398],[97.883,9.382],[97.872,9.379],[97.859,9.401],[97.845,9.404],[97.839,9.415],[97.851,9.415],[97.855,9.424],[97.863,9.426],[97.846,9.436],[97.859,9.439],[97.851,9.447],[97.854,9.455],[97.887,9.462]]]]}},{"type":"Feature","properties":{"code":"27","name":"สระแก้ว"},"geometry":{"type":"MultiPolygon","coordinates":[[[[102.165,13.324],[102.15,13.319],[102.128,13.334],[102.118,13.277],[102.109,13.264],[102.071,13.256],[102.056,13.24],[102.028,13.237],[102.035,13.284],[102.012,13.289],[102.002,13.317],[101.992,13.324],[101.986,13.34],[101.99,13.353],[101.982,13.36],[101.982,13.381],[101.973,13.394],[101.977,13.409],[101.944,13.439],[101.937,13.478],[101.895,13.472],[101.881,13.49],[101.897,13.511],[101.885,13.524],[101.874,13.524],[101.899,13.551],[101.915,13.585],[101.91,13.605],[101.942,13.616],[101.936,13.629],[101.949,13.668],[101.938,13.711],[101.942,13.739],[101.936,13.741],[101.948,13.802],[101.942,13.811],[101.924,13.816],[101.927,13.823],[101.92,13.832],[101.929,13.855],[101.905,13.883],[101.915,13.9],[101.91,13.909],[101.905,13.907],[101.912,13.934],[101.926,13.94],[101.942,13.931],[101.952,13.935],[101.938,13.959],[101.939,13.983],[101.925,13.993],[101.936,14.002],[101.94,14.016],[101.955,14.023],[101.994,14.033],[102.075,14.035],[102.088,14.088],[102.099,14.104],[102.098,14.126],[102.107,14.151],[102.12,14.149],[102.132,14.138],[102.164,14.141],[102.172,14.159],[102.167,14.172],[102.181,14.195],[102.192,14.195],[102.211,14.173],[102.216,14.145],[102.246,14.14],[102.269,14.146],[102.272,14.129],[102.289,14.135],[102.307,14.12],[102.326,14.128],[102.332,14.12],[102.349,14.125],[102.357,14.132],[102.363,14.166],[102.381,14.147],[102.4,14.146],[102.407,14.155],[102.424,14.158],[102.437,14.143],[102.453,14.143],[102.455,14.136],[102.469,14.132],[102.483,14.142],[102.5,14.133],[102.522,14.143],[102.55,14.135],[102.592,14.166],[102.608,14.171],[102.634,14.149],[102.655,14.166],[102.682,14.151],[102.696,14.131],[102.734,14.142],[102.766,14.141],[102.777,14.162],[102.782,14.163],[102.784,14.156],[102.792,14.173],[102.8,14.159],[102.806,14.172],[102.816,14.171],[102.829,14.158],[102.831,14.168],[102.862,14.149],[102.87,14.151],[102.877,14.174],[102.898,14.164],[102.93,14.176],[102.94,14.149],[102.925,14.133],[102.923,14.105],[102.901,14.083],[102.898,14.052],[102.912,14.018],[102.894,14.007],[102.886,14.011],[102.88,14.004],[102.868,14.005],[102.815,13.965],[102.803,13.943],[102.783,13.933],[102.766,13.856],[102.723,13.793],[102.732,13.785],[102.732,13.773],[102.716,13.774],[102.689,13.752],[102.568,13.69],[102.549,13.66],[102.57,13.644],[102.575,13.63],[102.625,13.61],[102.574,13.603],[102.568,13.584],[102.527,13.564],[102.48,13.572],[102.472,13.565],[102.438,13.56],[102.42,13.572],[102.393,13.567],[102.367,13.578],[102.355,13.563],[102.34,13.56],[102.334,13.542],[102.363,13.507],[102.355,13.447],[102.361,13.443],[102.361,13.402],[102.345,13.348],[102.36,13.315],[102.353,13.299],[102.348,13.298],[102.333,13.317],[102.311,13.287],[102.297,13.29],[102.298,13.296],[102.285,13.304],[102.276,13.289],[102.244,13.285],[102.216,13.311],[102.19,13.292],[102.182,13.314],[102.165,13.324]]]]}},{"type":"Feature","properties":{"code":"47","name":"สกลนคร"},"geometry":{"type":"MultiPolygon","coordinates":[[[[104.042,16.845],[104.04,16.84],[104.033,16.845],[104.033,16.853],[104.024,16.858],[103.999,16.838],[103.981,16.836],[103.969,16.811],[103.961,16.823],[103.956,16.821],[103.949,16.787],[103.953,16.78],[103.938,16.773],[103.921,16.796],[103.888,16.816],[103.873,16.819],[103.87,16.832],[103.847,16.839],[103.836,16.85],[103.835,16.868],[103.826,16.867],[103.819,16.876],[103.809,16.878],[103.808,16.885],[103.788,16.886],[103.792,16.894],[103.783,16.908],[103.777,16.939],[103.783,16.958],[103.752,16.974],[103.742,16.972],[103.746,16.978],[103.735,16.99],[103.723,16.981],[103.73,17.004],[103.722,17.016],[103.708,17.021],[103.694,17.035],[103.685,17.028],[103.679,17.032],[103.672,17.02],[103.661,17.021],[103.665,17.056],[103.655,17.076],[103.667,17.106],[103.655,17.115],[103.638,17.112],[103.621,17.148],[103.613,17.151],[103.599,17.169],[103.59,17.171],[103.569,17.157],[103.524,17.192],[103.474,17.218],[103.47,17.23],[103.463,17.218],[103.451,17.213],[103.427,17.221],[103.417,17.213],[103.4,17.225],[103.382,17.229],[103.378,17.236],[103.361,17.237],[103.351,17.255],[103.337,17.256],[103.308,17.271],[103.281,17.267],[103.262,17.291],[103.253,17.314],[103.257,17.326],[103.271,17.333],[103.273,17.349],[103.302,17.394],[103.282,17.416],[103.283,17.43],[103.276,17.436],[103.275,17.445],[103.289,17.468],[103.288,17.5],[103.317,17.524],[103.322,17.554],[103.331,17.55],[103.341,17.569],[103.337,17.576],[103.361,17.591],[103.374,17.579],[103.376,17.593],[103.407,17.593],[103.41,17.599],[103.397,17.617],[103.399,17.65],[103.407,17.668],[103.401,17.718],[103.411,17.729],[103.404,17.733],[103.409,17.733],[103.4,17.759],[103.384,17.753],[103.378,17.763],[103.381,17.769],[103.371,17.778],[103.368,17.794],[103.371,17.789],[103.377,17.793],[103.375,17.803],[103.382,17.809],[103.376,17.814],[103.391,17.83],[103.381,17.84],[103.397,17.843],[103.395,17.833],[103.4,17.831],[103.402,17.843],[103.413,17.834],[103.423,17.841],[103.406,17.849],[103.399,17.845],[103.395,17.855],[103.408,17.86],[103.406,17.878],[103.417,17.88],[103.413,17.901],[103.4,17.905],[103.395,17.932],[103.402,17.928],[103.413,17.933],[103.405,17.943],[103.411,17.946],[103.408,17.951],[103.389,17.957],[103.39,17.985],[103.4,17.981],[103.406,17.992],[103.43,17.983],[103.427,17.976],[103.44,17.975],[103.446,17.967],[103.452,17.978],[103.438,17.981],[103.445,17.992],[103.464,17.989],[103.474,17.999],[103.472,18.005],[103.492,17.988],[103.498,17.99],[103.494,17.993],[103.504,17.997],[103.492,18.038],[103.498,18.042],[103.493,18.054],[103.496,18.065],[103.504,18.059],[103.505,18.069],[103.515,18.074],[103.537,18.069],[103.537,18.086],[103.543,18.088],[103.547,18.078],[103.539,18.072],[103.543,18.065],[103.559,18.062],[103.581,18.039],[103.588,18.038],[103.588,18.048],[103.594,18.051],[103.606,18.036],[103.611,18.014],[103.64,18.014],[103.633,18.005],[103.624,18.006],[103.621,18.0],[103.625,17.969],[103.638,17.977],[103.639,17.965],[103.653,17.963],[103.663,17.974],[103.668,17.967],[103.662,17.95],[103.685,17.956],[103.704,17.942],[103.716,17.943],[103.721,17.927],[103.747,17.912],[103.753,17.915],[103.749,17.926],[103.763,17.955],[103.766,17.945],[103.758,17.921],[103.78,17.932],[103.783,17.928],[103.775,17.908],[103.787,17.89],[103.769,17.891],[103.764,17.885],[103.795,17.842],[103.811,17.859],[103.794,17.871],[103.796,17.877],[103.836,17.87],[103.849,17.881],[103.86,17.882],[103.868,17.879],[103.866,17.864],[103.875,17.876],[103.906,17.88],[103.901,17.849],[103.911,17.851],[103.915,17.859],[103.922,17.856],[103.925,17.834],[103.919,17.819],[103.935,17.807],[103.942,17.785],[103.958,17.776],[103.973,17.785],[103.97,17.78],[103.979,17.771],[103.987,17.789],[104.0,17.789],[104.0,17.807],[104.016,17.81],[104.022,17.799],[104.01,17.794],[104.026,17.757],[104.03,17.769],[104.037,17.77],[104.058,17.758],[104.05,17.738],[104.062,17.748],[104.066,17.741],[104.068,17.724],[104.06,17.726],[104.077,17.71],[104.077,17.703],[104.069,17.701],[104.078,17.697],[104.067,17.691],[104.07,17.68],[104.082,17.682],[104.079,17.675],[104.083,17.672],[104.072,17.668],[104.067,17.645],[104.049,17.639],[104.043,17.646],[104.028,17.639],[104.034,17.639],[104.032,17.617],[104.054,17.593],[104.047,17.571],[104.034,17.562],[104.039,17.531],[104.02,17.489],[104.008,17.486],[104.038,17.42],[104.072,17.378],[104.078,17.394],[104.091,17.383],[104.088,17.377],[104.096,17.376],[104.102,17.389],[104.092,17.389],[104.096,17.398],[104.091,17.402],[104.096,17.403],[104.11,17.402],[104.109,17.392],[104.126,17.399],[104.131,17.38],[104.142,17.388],[104.141,17.397],[104.153,17.395],[104.143,17.403],[104.144,17.41],[104.151,17.406],[104.157,17.417],[104.175,17.416],[104.17,17.418],[104.173,17.43],[104.193,17.423],[104.197,17.428],[104.211,17.415],[104.263,17.419],[104.287,17.432],[104.342,17.426],[104.413,17.427],[104.417,17.418],[104.406,17.38],[104.423,17.34],[104.416,17.313],[104.403,17.306],[104.406,17.279],[104.425,17.255],[104.425,17.247],[104.435,17.241],[104.393,17.182],[104.39,17.145],[104.401,17.139],[104.378,17.106],[104.367,17.106],[104.36,17.095],[104.362,17.073],[104.354,17.07],[104.353,17.06],[104.362,17.065],[104.363,17.057],[104.385,17.046],[104.384,17.037],[104.396,17.035],[104.397,17.022],[104.356,17.006],[104.351,16.985],[104.317,16.978],[104.32,16.968],[104.302,16.928],[104.269,16.922],[104.243,16.893],[104.22,16.892],[104.209,16.873],[104.178,16.888],[104.126,16.887],[104.121,16.882],[104.125,16.862],[104.109,16.841],[104.088,16.827],[104.071,16.822],[104.066,16.837],[104.047,16.848],[104.042,16.845]]]]}},{"type":"Feature","properties":{"code":"80","name":"นครศรีธรรมราช"},"geometry":{"type":"MultiPolygon","coordinates":[[[[100.08,7.855],[100.071,7.842],[100.047,7.837],[100.034,7.847],[99.995,7.856],[99.953,7.897],[99.941,7.878],[99.914,7.871],[99.883,7.892],[99.819,7.885],[99.806,7.891],[99.783,7.857],[99.738,7.858],[99.733,7.902],[99.744,7.932],[99.735,7.943],[99.757,7.988],[99.746,7.984],[99.747,8.002],[99.742,8.007],[99.706,7.993],[99.656,8.013],[99.631,8.009],[99.618,7.991],[99.604,7.988],[99.608,7.982],[99.594,7.966],[99.598,7.961],[99.586,7.959],[99.582,7.948],[99.572,7.949],[99.569,7.939],[99.562,7.939],[99.56,7.923],[99.548,7.921],[99.543,7.912],[99.535,7.894],[99.54,7.886],[99.515,7.878],[99.506,7.886],[99.48,7.882],[99.471,7.905],[99.42,7.866],[99.423,7.926],[99.398,7.922],[99.376,7.943],[99.386,7.942],[99.397,7.954],[99.393,7.964],[99.398,7.983],[99.415,8.001],[99.388,8.065],[99.385,8.082],[99.394,8.088],[99.386,8.141],[99.353,8.132],[99.297,8.132],[99.299,8.141],[99.289,8.151],[99.29,8.166],[99.307,8.175],[99.305,8.19],[99.317,8.195],[99.322,8.209],[99.312,8.235],[99.322,8.251],[99.333,8.258],[99.331,8.291],[99.298,8.307],[99.299,8.316],[99.292,8.313],[99.283,8.318],[99.276,8.352],[99.262,8.351],[99.246,8.368],[99.24,8.366],[99.234,8.398],[99.245,8.406],[99.262,8.437],[99.26,8.449],[99.271,8.458],[99.278,8.456],[99.279,8.463],[99.288,8.464],[99.287,8.47],[99.297,8.476],[99.314,8.476],[99.326,8.49],[99.349,8.495],[99.377,8.515],[99.393,8.514],[99.395,8.533],[99.405,8.55],[99.416,8.553],[99.418,8.57],[99.441,8.6],[99.456,8.604],[99.448,8.622],[99.454,8.643],[99.464,8.65],[99.478,8.647],[99.478,8.658],[99.495,8.673],[99.492,8.696],[99.507,8.713],[99.523,8.719],[99.53,8.76],[99.523,8.766],[99.527,8.811],[99.517,8.835],[99.53,8.85],[99.56,8.851],[99.558,8.878],[99.574,8.891],[99.576,8.91],[99.583,8.918],[99.613,8.928],[99.627,8.912],[99.648,8.929],[99.652,8.922],[99.696,8.935],[99.696,8.952],[99.689,8.96],[99.694,8.974],[99.713,8.97],[99.723,8.977],[99.733,9.013],[99.745,9.026],[99.74,9.038],[99.745,9.07],[99.763,9.072],[99.772,9.097],[99.741,9.115],[99.724,9.113],[99.735,9.126],[99.723,9.142],[99.722,9.157],[99.737,9.169],[99.742,9.185],[99.739,9.201],[99.747,9.205],[99.754,9.221],[99.748,9.264],[99.762,9.269],[99.772,9.262],[99.772,9.277],[99.763,9.291],[99.769,9.323],[99.78,9.312],[99.785,9.318],[99.793,9.312],[99.796,9.318],[99.797,9.31],[99.801,9.32],[99.806,9.316],[99.799,9.306],[99.807,9.299],[99.824,9.299],[99.829,9.311],[99.836,9.306],[99.846,9.283],[99.848,9.255],[99.861,9.252],[99.881,9.209],[99.875,9.202],[99.875,9.141],[99.882,9.126],[99.897,9.119],[99.909,9.099],[99.914,9.026],[99.929,9.006],[99.916,8.998],[99.916,8.911],[99.958,8.611],[99.966,8.588],[99.98,8.573],[99.997,8.572],[100.017,8.558],[100.045,8.526],[100.089,8.411],[100.094,8.417],[100.146,8.377],[100.165,8.389],[100.176,8.382],[100.159,8.414],[100.155,8.439],[100.173,8.457],[100.162,8.493],[100.146,8.51],[100.128,8.517],[100.15,8.515],[100.172,8.503],[100.198,8.474],[100.25,8.348],[100.283,8.233],[100.337,7.932],[100.312,7.936],[100.307,7.914],[100.266,7.914],[100.267,7.906],[100.235,7.884],[100.178,7.876],[100.173,7.881],[100.141,7.868],[100.131,7.877],[100.107,7.879],[100.08,7.855]]],[[[99.769,9.326],[99.783,9.323],[99.775,9.321],[99.769,9.326]]]]}},{"type":"Feature","properties":{"code":"48","name":"นครพนม"},"geometry":{"type":"MultiPolygon","coordinates":[[[[104.788,17.129],[104.734,17.029],[104.729,17.0],[104.74,16.904],[104.759,16.862],[104.737,16.805],[104.723,16.809],[104.711,16.829],[104.701,16.827],[104.694,16.815],[104.699,16.792],[104.673,16.795],[104.668,16.787],[104.637,16.825],[104.638,16.842],[104.629,16.862],[104.592,16.865],[104.526,16.863],[104.498,16.85],[104.485,16.852],[104.466,16.865],[104.479,16.842],[104.468,16.84],[104.467,16.853],[104.456,16.86],[104.459,16.851],[104.453,16.828],[104.445,16.834],[104.449,16.857],[104.44,16.856],[104.44,16.843],[104.432,16.847],[104.439,16.862],[104.43,16.857],[104.428,16.862],[104.439,16.871],[104.42,16.858],[104.414,16.869],[104.409,16.861],[104.405,16.877],[104.398,16.865],[104.409,16.841],[104.399,16.838],[104.381,16.865],[104.358,16.87],[104.357,16.881],[104.32,16.874],[104.296,16.838],[104.287,16.857],[104.278,16.857],[104.278,16.862],[104.266,16.865],[104.26,16.874],[104.248,16.872],[104.243,16.893],[104.269,16.922],[104.302,16.928],[104.32,16.968],[104.317,16.978],[104.351,16.985],[104.356,17.006],[104.397,17.022],[104.396,17.035],[104.384,17.037],[104.385,17.046],[104.363,17.057],[104.362,17.065],[104.353,17.06],[104.354,17.07],[104.362,17.073],[104.36,17.095],[104.367,17.106],[104.378,17.106],[104.401,17.139],[104.39,17.145],[104.393,17.182],[104.435,17.241],[104.425,17.247],[104.425,17.255],[104.406,17.279],[104.403,17.306],[104.416,17.313],[104.423,17.34],[104.406,17.38],[104.417,17.418],[104.413,17.427],[104.342,17.426],[104.287,17.432],[104.263,17.419],[104.211,17.415],[104.197,17.428],[104.193,17.423],[104.173,17.43],[104.17,17.418],[104.175,17.416],[104.157,17.417],[104.151,17.406],[104.144,17.41],[104.143,17.403],[104.153,17.395],[104.141,17.397],[104.142,17.388],[104.131,17.38],[104.126,17.399],[104.109,17.392],[104.11,17.402],[104.096,17.403],[104.091,17.402],[104.096,17.398],[104.092,17.389],[104.102,17.389],[104.096,17.376],[104.088,17.377],[104.091,17.383],[104.078,17.394],[104.072,17.378],[104.038,17.42],[104.013,17.471],[104.008,17.486],[104.02,17.489],[104.039,17.531],[104.034,17.562],[104.047,17.571],[104.054,17.593],[104.032,17.617],[104.034,17.639],[104.028,17.639],[104.043,17.646],[104.049,17.639],[104.067,17.645],[104.072,17.668],[104.083,17.672],[104.079,17.675],[104.082,17.682],[104.07,17.68],[104.067,17.691],[104.078,17.697],[104.069,17.701],[104.077,17.703],[104.077,17.71],[104.06,17.726],[104.068,17.724],[104.066,17.741],[104.062,17.748],[104.05,17.738],[104.058,17.758],[104.037,17.77],[104.03,17.769],[104.026,17.757],[104.01,17.794],[104.022,17.799],[104.012,17.811],[104.013,17.83],[103.998,17.842],[104.003,17.848],[103.982,17.858],[103.984,17.867],[103.988,17.865],[103.984,17.872],[104.003,17.897],[104.013,17.893],[104.03,17.91],[104.062,17.903],[104.062,17.896],[104.069,17.897],[104.065,17.886],[104.071,17.878],[104.099,17.907],[104.123,17.923],[104.134,17.956],[104.118,17.967],[104.114,18.005],[104.143,18.014],[104.152,18.024],[104.173,18.003],[104.174,18.015],[104.182,18.014],[104.19,18.023],[104.225,17.98],[104.279,17.858],[104.355,17.823],[104.394,17.751],[104.467,17.656],[104.584,17.589],[104.61,17.584],[104.713,17.516],[104.746,17.457],[104.795,17.404],[104.804,17.368],[104.806,17.224],[104.801,17.163],[104.788,17.129]]]]}},{"type":"Feature","properties":{"code":"25","name":"ปราจีนบุรี"},"geometry":{"type":"MultiPolygon","coordinates":[[[[101.942,13.811],[101.948,13.802],[101.936,13.741],[101.942,13.739],[101.938,13.711],[101.949,13.668],[101.936,13.629],[101.942,13.616],[101.91,13.605],[101.915,13.585],[101.89,13.582],[101.884,13.597],[101.87,13.605],[101.865,13.632],[101.833,13.637],[101.842,13.681],[101.835,13.701],[101.822,13.706],[101.81,13.698],[101.793,13.708],[101.794,13.733],[101.762,13.754],[101.764,13.77],[101.757,13.775],[101.741,13.773],[101.725,13.755],[101.679,13.756],[101.666,13.737],[101.639,13.747],[101.613,13.736],[101.592,13.736],[101.56,13.769],[101.551,13.795],[101.546,13.786],[101.539,13.786],[101.496,13.803],[101.47,13.823],[101.438,13.83],[101.438,13.825],[101.421,13.836],[101.397,13.841],[101.35,13.87],[101.342,13.859],[101.336,13.862],[101.336,13.871],[101.327,13.867],[101.278,13.879],[101.25,13.867],[101.247,13.876],[101.22,13.887],[101.221,13.877],[101.201,13.878],[101.174,13.858],[101.15,13.852],[101.16,13.863],[101.14,13.88],[101.141,13.887],[101.152,13.879],[101.161,13.89],[101.16,13.896],[101.149,13.888],[101.146,13.894],[101.155,13.897],[101.152,13.913],[101.16,13.933],[101.152,13.931],[101.154,13.942],[101.137,13.97],[101.143,13.974],[101.139,14.001],[101.145,13.997],[101.156,14.004],[101.165,14.002],[101.164,14.008],[101.169,14.004],[101.173,14.011],[101.177,14.007],[101.178,14.012],[101.197,14.014],[101.194,14.024],[101.2,14.024],[101.202,14.043],[101.214,14.056],[101.224,14.052],[101.234,14.061],[101.269,14.061],[101.279,14.055],[101.321,14.077],[101.308,14.096],[101.304,14.12],[101.286,14.134],[101.289,14.15],[101.313,14.171],[101.329,14.176],[101.346,14.197],[101.382,14.211],[101.382,14.273],[101.395,14.274],[101.413,14.254],[101.451,14.255],[101.464,14.263],[101.481,14.268],[101.493,14.262],[101.499,14.268],[101.499,14.298],[101.505,14.309],[101.496,14.317],[101.497,14.334],[101.483,14.346],[101.476,14.365],[101.432,14.389],[101.447,14.422],[101.436,14.446],[101.483,14.463],[101.508,14.436],[101.534,14.425],[101.541,14.426],[101.547,14.436],[101.606,14.436],[101.622,14.427],[101.619,14.417],[101.631,14.406],[101.648,14.405],[101.649,14.392],[101.742,14.308],[101.75,14.325],[101.749,14.348],[101.761,14.343],[101.774,14.347],[101.78,14.357],[101.789,14.36],[101.812,14.348],[101.84,14.366],[101.839,14.352],[101.877,14.324],[101.889,14.319],[101.894,14.33],[101.929,14.328],[101.943,14.302],[101.929,14.287],[101.945,14.247],[101.982,14.238],[101.967,14.228],[102.011,14.203],[102.032,14.198],[102.072,14.164],[102.107,14.151],[102.098,14.126],[102.099,14.104],[102.088,14.088],[102.075,14.035],[101.994,14.033],[101.955,14.023],[101.94,14.016],[101.936,14.002],[101.925,13.993],[101.939,13.983],[101.938,13.959],[101.952,13.935],[101.942,13.931],[101.926,13.94],[101.912,13.934],[101.905,13.907],[101.91,13.909],[101.915,13.9],[101.905,13.883],[101.929,13.855],[101.92,13.832],[101.927,13.823],[101.924,13.816],[101.942,13.811]]]]}},{"type":"Feature","properties":{"code":"45","name":"ร้อยเอ็ด"},"geometry":{"type":"MultiPolygon","coordinates":[[[[103.988,15.407],[103.971,15.408],[103.976,15.423],[103.97,15.425],[103.96,15.422],[103.962,15.415],[103.949,15.414],[103.941,15.428],[103.947,15.434],[103.945,15.439],[103.929,15.433],[103.92,15.441],[103.909,15.436],[103.898,15.443],[103.889,15.47],[103.886,15.455],[103.877,15.469],[103.859,15.449],[103.853,15.466],[103.845,15.456],[103.831,15.461],[103.827,15.452],[103.78,15.442],[103.777,15.435],[103.758,15.437],[103.744,15.447],[103.73,15.439],[103.715,15.447],[103.704,15.442],[103.689,15.449],[103.671,15.445],[103.64,15.46],[103.62,15.461],[103.612,15.469],[103.566,15.462],[103.562,15.452],[103.555,15.454],[103.55,15.438],[103.544,15.44],[103.536,15.428],[103.516,15.429],[103.504,15.439],[103.493,15.438],[103.485,15.45],[103.433,15.455],[103.395,15.432],[103.392,15.45],[103.403,15.461],[103.413,15.493],[103.416,15.535],[103.412,15.54],[103.376,15.537],[103.361,15.526],[103.355,15.541],[103.303,15.562],[103.294,15.593],[103.284,15.593],[103.274,15.602],[103.276,15.611],[103.291,15.617],[103.301,15.649],[103.272,15.65],[103.274,15.663],[103.299,15.685],[103.292,15.694],[103.301,15.694],[103.305,15.702],[103.3,15.706],[103.318,15.71],[103.325,15.694],[103.346,15.716],[103.348,15.726],[103.398,15.708],[103.419,15.721],[103.42,15.739],[103.401,15.76],[103.426,15.773],[103.44,15.799],[103.434,15.809],[103.44,15.814],[103.437,15.834],[103.444,15.867],[103.458,15.907],[103.482,15.93],[103.463,15.979],[103.46,16.017],[103.47,16.039],[103.453,16.077],[103.458,16.12],[103.481,16.146],[103.489,16.17],[103.486,16.184],[103.496,16.208],[103.504,16.209],[103.502,16.2],[103.52,16.195],[103.533,16.22],[103.541,16.222],[103.538,16.212],[103.56,16.219],[103.549,16.208],[103.551,16.204],[103.588,16.194],[103.597,16.202],[103.598,16.193],[103.62,16.205],[103.613,16.215],[103.6,16.215],[103.616,16.218],[103.634,16.188],[103.645,16.193],[103.65,16.188],[103.653,16.204],[103.656,16.194],[103.663,16.193],[103.677,16.203],[103.663,16.209],[103.665,16.221],[103.674,16.212],[103.685,16.218],[103.686,16.211],[103.697,16.217],[103.69,16.225],[103.708,16.22],[103.734,16.223],[103.734,16.248],[103.752,16.263],[103.754,16.305],[103.723,16.329],[103.728,16.342],[103.699,16.374],[103.728,16.407],[103.769,16.425],[103.77,16.432],[103.782,16.436],[103.823,16.47],[103.845,16.462],[103.866,16.471],[103.903,16.447],[103.91,16.453],[103.914,16.439],[103.93,16.435],[103.943,16.443],[103.978,16.432],[103.994,16.445],[104.028,16.443],[104.038,16.437],[104.035,16.416],[104.04,16.415],[104.039,16.396],[104.046,16.388],[104.05,16.395],[104.067,16.399],[104.068,16.408],[104.129,16.428],[104.136,16.424],[104.145,16.429],[104.147,16.438],[104.172,16.446],[104.188,16.431],[104.222,16.437],[104.237,16.428],[104.246,16.437],[104.268,16.438],[104.285,16.451],[104.294,16.472],[104.312,16.446],[104.32,16.42],[104.317,16.388],[104.33,16.341],[104.323,16.331],[104.352,16.325],[104.343,16.307],[104.344,16.291],[104.312,16.257],[104.298,16.253],[104.298,16.24],[104.274,16.224],[104.258,16.224],[104.23,16.169],[104.216,16.157],[104.205,16.163],[104.192,16.149],[104.166,16.142],[104.152,16.118],[104.138,16.111],[104.115,16.115],[104.101,16.095],[104.096,16.074],[104.102,16.051],[104.114,16.038],[104.11,16.017],[104.101,16.005],[104.106,15.991],[104.094,15.977],[104.061,15.988],[104.028,15.984],[104.011,15.958],[104.014,15.95],[104.026,15.961],[104.036,15.941],[104.023,15.912],[104.015,15.912],[104.019,15.906],[104.015,15.893],[104.021,15.892],[104.015,15.886],[104.021,15.878],[104.032,15.875],[104.023,15.871],[104.037,15.869],[104.019,15.867],[104.029,15.861],[104.028,15.852],[104.019,15.848],[104.021,15.84],[104.016,15.838],[104.013,15.844],[104.017,15.831],[104.007,15.831],[104.014,15.818],[103.997,15.815],[104.0,15.797],[104.036,15.797],[104.078,15.82],[104.079,15.825],[104.071,15.826],[104.072,15.838],[104.115,15.805],[104.134,15.798],[104.137,15.783],[104.127,15.77],[104.132,15.755],[104.141,15.754],[104.132,15.743],[104.141,15.73],[104.129,15.726],[104.13,15.707],[104.119,15.706],[104.121,15.698],[104.128,15.697],[104.147,15.714],[104.142,15.705],[104.152,15.691],[104.175,15.673],[104.175,15.664],[104.186,15.667],[104.184,15.658],[104.171,15.66],[104.178,15.64],[104.169,15.633],[104.19,15.633],[104.182,15.622],[104.186,15.609],[104.21,15.619],[104.209,15.609],[104.159,15.602],[104.122,15.578],[104.121,15.563],[104.099,15.567],[104.105,15.548],[104.085,15.55],[104.074,15.54],[104.074,15.523],[104.067,15.528],[104.055,15.515],[104.062,15.5],[104.033,15.491],[103.995,15.447],[103.988,15.407]]]]}},{"type":"Feature","properties":{"code":"26","name":"นครนายก"},"geometry":{"type":"MultiPolygon","coordinates":[[[[101.173,14.011],[101.169,14.004],[101.164,14.008],[101.165,14.002],[101.156,14.004],[101.145,13.997],[101.139,14.001],[101.143,13.974],[101.137,13.97],[101.045,13.976],[100.913,13.961],[100.914,14.221],[100.947,14.237],[100.952,14.272],[100.978,14.29],[100.986,14.287],[100.989,14.298],[101.014,14.301],[101.018,14.316],[101.049,14.348],[101.063,14.377],[101.054,14.392],[101.056,14.414],[101.071,14.406],[101.076,14.39],[101.085,14.383],[101.117,14.384],[101.147,14.374],[101.164,14.343],[101.185,14.354],[101.186,14.367],[101.21,14.372],[101.202,14.403],[101.214,14.437],[101.229,14.434],[101.222,14.446],[101.234,14.459],[101.225,14.463],[101.225,14.473],[101.243,14.472],[101.244,14.489],[101.273,14.512],[101.284,14.502],[101.285,14.489],[101.306,14.498],[101.311,14.473],[101.349,14.452],[101.366,14.449],[101.37,14.438],[101.382,14.434],[101.38,14.424],[101.396,14.419],[101.397,14.409],[101.422,14.383],[101.432,14.389],[101.476,14.365],[101.483,14.346],[101.497,14.334],[101.496,14.317],[101.505,14.309],[101.499,14.298],[101.499,14.268],[101.493,14.262],[101.481,14.268],[101.464,14.263],[101.451,14.255],[101.413,14.254],[101.395,14.274],[101.382,14.273],[101.382,14.211],[101.346,14.197],[101.329,14.176],[101.313,14.171],[101.289,14.15],[101.286,14.134],[101.304,14.12],[101.308,14.096],[101.321,14.077],[101.279,14.055],[101.269,14.061],[101.234,14.061],[101.224,14.052],[101.214,14.056],[101.202,14.043],[101.2,14.024],[101.194,14.024],[101.197,14.014],[101.178,14.012],[101.177,14.007],[101.173,14.011]]]]}},{"type":"Feature","properties":{"code":"46","name":"กาฬสินธุ์"},"geometry":{"type":"MultiPolygon","coordinates":[[[[103.548,16.214],[103.538,16.212],[103.541,16.222],[103.533,16.22],[103.52,16.195],[103.502,16.2],[103.504,16.209],[103.492,16.202],[103.48,16.208],[103.472,16.192],[103.452,16.182],[103.448,16.192],[103.456,16.192],[103.444,16.198],[103.45,16.205],[103.44,16.206],[103.448,16.213],[103.443,16.217],[103.448,16.218],[103.447,16.228],[103.439,16.22],[103.429,16.236],[103.415,16.239],[103.405,16.256],[103.41,16.285],[103.395,16.298],[103.375,16.298],[103.352,16.308],[103.343,16.36],[103.3,16.37],[103.292,16.393],[103.263,16.378],[103.176,16.363],[103.163,16.389],[103.184,16.437],[103.183,16.449],[103.165,16.468],[103.159,16.491],[103.185,16.543],[103.186,16.561],[103.168,16.608],[103.195,16.631],[103.189,16.642],[103.152,16.644],[103.151,16.66],[103.158,16.67],[103.146,16.701],[103.159,16.733],[103.146,16.746],[103.152,16.762],[103.17,16.769],[103.18,16.786],[103.184,16.822],[103.178,16.843],[103.171,16.849],[103.173,16.864],[103.136,16.87],[103.138,16.831],[103.123,16.818],[103.114,16.818],[103.102,16.84],[103.114,16.854],[103.124,16.896],[103.098,16.913],[103.099,16.93],[103.111,16.941],[103.118,16.962],[103.16,16.947],[103.176,16.956],[103.185,16.948],[103.199,16.949],[103.219,16.968],[103.234,16.959],[103.253,16.962],[103.287,16.927],[103.351,16.921],[103.372,16.903],[103.381,16.905],[103.395,16.895],[103.411,16.867],[103.4,16.853],[103.41,16.85],[103.417,16.828],[103.423,16.823],[103.41,16.809],[103.421,16.802],[103.445,16.827],[103.449,16.837],[103.442,16.847],[103.452,16.852],[103.455,16.865],[103.47,16.874],[103.472,16.886],[103.475,16.883],[103.484,16.903],[103.491,16.904],[103.493,16.928],[103.486,16.94],[103.494,16.97],[103.5,16.969],[103.503,16.983],[103.52,16.999],[103.518,17.034],[103.511,17.036],[103.513,17.044],[103.507,17.044],[103.518,17.049],[103.519,17.059],[103.537,17.066],[103.537,17.077],[103.547,17.08],[103.548,17.089],[103.574,17.092],[103.579,17.102],[103.592,17.094],[103.606,17.099],[103.62,17.092],[103.652,17.049],[103.648,17.023],[103.672,17.02],[103.679,17.032],[103.685,17.028],[103.694,17.035],[103.73,17.004],[103.723,16.981],[103.735,16.99],[103.746,16.978],[103.742,16.972],[103.752,16.974],[103.783,16.958],[103.777,16.939],[103.783,16.908],[103.792,16.894],[103.788,16.886],[103.808,16.885],[103.809,16.878],[103.819,16.876],[103.826,16.867],[103.835,16.868],[103.836,16.85],[103.847,16.839],[103.87,16.832],[103.873,16.819],[103.888,16.816],[103.921,16.796],[103.938,16.773],[103.953,16.78],[103.949,16.787],[103.956,16.821],[103.961,16.823],[103.969,16.811],[103.981,16.836],[103.999,16.838],[104.024,16.858],[104.033,16.853],[104.033,16.845],[104.04,16.84],[104.047,16.848],[104.066,16.837],[104.083,16.809],[104.091,16.811],[104.093,16.794],[104.118,16.759],[104.137,16.757],[104.131,16.743],[104.15,16.717],[104.153,16.7],[104.171,16.697],[104.163,16.679],[104.199,16.66],[104.197,16.65],[104.177,16.636],[104.18,16.621],[104.175,16.609],[104.179,16.597],[104.207,16.582],[104.206,16.565],[104.217,16.563],[104.226,16.551],[104.223,16.531],[104.239,16.523],[104.238,16.492],[104.226,16.475],[104.239,16.455],[104.238,16.428],[104.222,16.437],[104.188,16.431],[104.172,16.446],[104.147,16.438],[104.145,16.429],[104.136,16.424],[104.129,16.428],[104.068,16.408],[104.067,16.399],[104.05,16.395],[104.046,16.388],[104.039,16.396],[104.04,16.415],[104.035,16.416],[104.038,16.437],[104.028,16.443],[103.994,16.445],[103.978,16.432],[103.943,16.443],[103.93,16.435],[103.914,16.439],[103.91,16.453],[103.903,16.447],[103.866,16.471],[103.845,16.462],[103.823,16.47],[103.782,16.436],[103.77,16.432],[103.769,16.425],[103.728,16.407],[103.699,16.374],[103.728,16.342],[103.723,16.329],[103.754,16.305],[103.752,16.263],[103.734,16.248],[103.734,16.223],[103.708,16.22],[103.69,16.225],[103.697,16.217],[103.686,16.211],[103.685,16.218],[103.674,16.212],[103.665,16.221],[103.663,16.209],[103.677,16.203],[103.663,16.193],[103.656,16.194],[103.653,16.204],[103.65,16.188],[103.645,16.193],[103.638,16.187],[103.616,16.218],[103.6,16.215],[103.613,16.215],[103.62,16.205],[103.598,16.193],[103.597,16.202],[103.588,16.194],[103.551,16.204],[103.549,16.208],[103.56,16.219],[103.548,16.214]]]]}},{"type":"Feature","properties":{"code":"23","name":"ตราด"},"geometry":{"type":"MultiPolygon","coordinates":[[[[102.907,11.758],[102.912,11.65],[102.906,11.655],[102.901,11.683],[102.907,11.716],[102.893,11.754],[102.774,11.911],[102.776,11.928],[102.784,11.927],[102.785,11.949],[102.766,11.984],[102.771,11.982],[102.766,12.023],[102.754,12.042],[102.714,12.079],[102.625,12.149],[102.629,12.156],[102.646,12.154],[102.65,12.169],[102.613,12.201],[102.6,12.204],[102.595,12.213],[102.569,12.197],[102.554,12.206],[102.568,12.191],[102.557,12.184],[102.574,12.166],[102.556,12.162],[102.562,12.142],[102.554,12.13],[102.567,12.117],[102.559,12.094],[102.573,12.086],[102.573,12.078],[102.584,12.07],[102.588,12.059],[102.584,12.043],[102.548,12.059],[102.552,12.083],[102.532,12.114],[102.476,12.142],[102.469,12.15],[102.473,12.166],[102.398,12.168],[102.369,12.193],[102.349,12.195],[102.326,12.18],[102.295,12.187],[102.277,12.205],[102.286,12.214],[102.277,12.222],[102.286,12.222],[102.29,12.232],[102.284,12.246],[102.261,12.27],[102.264,12.277],[102.259,12.288],[102.265,12.293],[102.274,12.283],[102.285,12.288],[102.287,12.3],[102.306,12.302],[102.332,12.322],[102.344,12.334],[102.349,12.37],[102.372,12.39],[102.367,12.403],[102.326,12.426],[102.329,12.443],[102.32,12.451],[102.337,12.464],[102.342,12.476],[102.333,12.497],[102.337,12.515],[102.314,12.524],[102.316,12.539],[102.305,12.555],[102.338,12.569],[102.345,12.586],[102.358,12.596],[102.376,12.596],[102.38,12.583],[102.399,12.568],[102.424,12.571],[102.388,12.604],[102.388,12.61],[102.397,12.609],[102.401,12.615],[102.391,12.631],[102.384,12.677],[102.393,12.679],[102.393,12.687],[102.403,12.693],[102.401,12.699],[102.424,12.712],[102.425,12.724],[102.441,12.737],[102.474,12.736],[102.491,12.757],[102.509,12.753],[102.5,12.739],[102.503,12.714],[102.497,12.704],[102.509,12.691],[102.505,12.683],[102.509,12.672],[102.539,12.651],[102.567,12.658],[102.579,12.653],[102.583,12.644],[102.617,12.616],[102.647,12.609],[102.645,12.585],[102.662,12.582],[102.668,12.563],[102.685,12.548],[102.678,12.539],[102.692,12.532],[102.696,12.519],[102.704,12.519],[102.714,12.507],[102.728,12.512],[102.721,12.486],[102.734,12.489],[102.74,12.482],[102.736,12.466],[102.746,12.457],[102.751,12.462],[102.754,12.455],[102.766,12.456],[102.787,12.415],[102.785,12.4],[102.744,12.388],[102.726,12.365],[102.724,12.291],[102.714,12.264],[102.718,12.222],[102.708,12.206],[102.712,12.195],[102.704,12.173],[102.711,12.151],[102.732,12.125],[102.736,12.107],[102.771,12.073],[102.784,11.977],[102.793,11.972],[102.799,11.95],[102.816,11.934],[102.82,11.892],[102.836,11.851],[102.853,11.827],[102.862,11.823],[102.866,11.807],[102.886,11.799],[102.882,11.79],[102.892,11.787],[102.907,11.758]]],[[[102.561,11.748],[102.571,11.732],[102.562,11.714],[102.565,11.701],[102.579,11.712],[102.59,11.695],[102.598,11.695],[102.601,11.701],[102.608,11.689],[102.601,11.677],[102.608,11.645],[102.595,11.629],[102.603,11.626],[102.588,11.612],[102.588,11.606],[102.601,11.607],[102.593,11.594],[102.592,11.562],[102.568,11.576],[102.567,11.594],[102.55,11.596],[102.547,11.591],[102.54,11.603],[102.526,11.607],[102.536,11.612],[102.533,11.619],[102.545,11.622],[102.545,11.635],[102.555,11.639],[102.539,11.638],[102.533,11.653],[102.523,11.657],[102.534,11.666],[102.532,11.682],[102.537,11.684],[102.53,11.682],[102.528,11.698],[102.536,11.697],[102.544,11.705],[102.534,11.724],[102.547,11.738],[102.548,11.759],[102.555,11.761],[102.561,11.748]]],[[[102.514,11.726],[102.526,11.717],[102.521,11.709],[102.514,11.726]]],[[[102.392,11.777],[102.395,11.772],[102.388,11.774],[102.392,11.777]]],[[[102.385,11.811],[102.393,11.797],[102.387,11.776],[102.38,11.802],[102.385,11.811]]],[[[102.472,11.84],[102.47,11.834],[102.482,11.828],[102.506,11.831],[102.512,11.825],[102.504,11.812],[102.488,11.813],[102.487,11.79],[102.467,11.812],[102.451,11.814],[102.447,11.807],[102.445,11.821],[102.451,11.823],[102.454,11.817],[102.467,11.823],[102.468,11.841],[102.472,11.84]]],[[[102.46,11.832],[102.46,11.838],[102.461,11.834],[102.46,11.832]]],[[[102.524,11.833],[102.519,11.834],[102.526,11.854],[102.533,11.842],[102.53,11.834],[102.524,11.833]]],[[[102.247,12.163],[102.249,12.158],[102.245,12.159],[102.247,12.163]]],[[[102.393,12.052],[102.398,12.036],[102.413,12.023],[102.429,11.99],[102.446,11.977],[102.437,11.966],[102.435,11.952],[102.412,11.968],[102.382,12.001],[102.368,11.993],[102.377,11.981],[102.377,11.963],[102.362,11.962],[102.323,11.974],[102.313,11.968],[102.319,11.962],[102.316,11.956],[102.303,11.978],[102.293,11.983],[102.296,11.994],[102.281,12.019],[102.29,12.024],[102.292,12.045],[102.275,12.073],[102.275,12.095],[102.25,12.137],[102.265,12.139],[102.251,12.157],[102.27,12.145],[102.278,12.148],[102.279,12.142],[102.293,12.144],[102.322,12.136],[102.352,12.116],[102.373,12.076],[102.383,12.069],[102.384,12.056],[102.393,12.052]]]]}},{"type":"Feature","properties":{"code":"43","name":"หนองคาย"},"geometry":{"type":"MultiPolygon","coordinates":[[[[102.783,17.681],[102.774,17.663],[102.774,17.647],[102.76,17.643],[102.763,17.624],[102.75,17.624],[102.745,17.617],[102.741,17.62],[102.731,17.603],[102.715,17.604],[102.695,17.62],[102.662,17.594],[102.648,17.593],[102.646,17.612],[102.617,17.624],[102.596,17.622],[102.602,17.649],[102.598,17.679],[102.615,17.686],[102.539,17.743],[102.533,17.76],[102.523,17.763],[102.468,17.752],[102.453,17.76],[102.45,17.771],[102.44,17.768],[102.437,17.778],[102.442,17.784],[102.429,17.796],[102.441,17.82],[102.425,17.82],[102.401,17.843],[102.402,17.857],[102.396,17.864],[102.4,17.874],[102.389,17.894],[102.365,17.907],[102.366,17.917],[102.323,17.934],[102.309,17.947],[102.284,17.992],[102.279,17.981],[102.272,17.982],[102.238,18.003],[102.205,18.008],[102.205,18.022],[102.188,18.013],[102.174,18.019],[102.161,17.99],[102.152,17.99],[102.14,18.007],[102.143,18.035],[102.104,18.029],[102.113,18.053],[102.096,18.085],[102.084,18.077],[102.055,18.086],[102.068,18.144],[102.086,18.16],[102.101,18.162],[102.106,18.213],[102.135,18.216],[102.144,18.206],[102.164,18.204],[102.185,18.148],[102.289,18.06],[102.352,18.042],[102.427,17.986],[102.484,17.966],[102.509,17.971],[102.531,17.963],[102.555,17.969],[102.602,17.956],[102.613,17.941],[102.614,17.921],[102.607,17.887],[102.591,17.853],[102.592,17.839],[102.639,17.831],[102.672,17.803],[102.687,17.806],[102.697,17.816],[102.678,17.839],[102.678,17.854],[102.687,17.869],[102.743,17.885],[102.77,17.904],[102.786,17.934],[102.815,17.94],[102.852,17.968],[102.9,17.981],[102.938,18.002],[102.961,18.005],[103.022,17.971],[103.035,17.976],[103.071,18.02],[103.081,18.046],[103.072,18.077],[103.082,18.127],[103.15,18.175],[103.155,18.192],[103.152,18.231],[103.175,18.262],[103.281,18.293],[103.298,18.304],[103.297,18.28],[103.291,18.278],[103.295,18.272],[103.287,18.273],[103.287,18.265],[103.281,18.269],[103.278,18.264],[103.276,18.269],[103.274,18.261],[103.258,18.261],[103.26,18.249],[103.266,18.249],[103.262,18.245],[103.336,18.204],[103.344,18.175],[103.367,18.164],[103.336,18.148],[103.335,18.136],[103.318,18.124],[103.296,18.12],[103.292,18.109],[103.314,18.102],[103.3,18.081],[103.313,18.057],[103.35,18.046],[103.353,18.027],[103.372,18.032],[103.39,18.025],[103.396,18.01],[103.406,18.005],[103.4,17.981],[103.39,17.985],[103.389,17.957],[103.408,17.951],[103.411,17.946],[103.405,17.943],[103.413,17.933],[103.402,17.928],[103.395,17.932],[103.401,17.917],[103.395,17.901],[103.399,17.896],[103.39,17.87],[103.374,17.875],[103.377,17.867],[103.357,17.854],[103.34,17.852],[103.329,17.824],[103.295,17.828],[103.27,17.85],[103.255,17.878],[103.241,17.886],[103.238,17.879],[103.218,17.871],[103.208,17.873],[103.2,17.866],[103.192,17.872],[103.176,17.854],[103.167,17.808],[103.15,17.803],[103.133,17.816],[103.136,17.825],[103.124,17.832],[103.128,17.843],[103.117,17.844],[103.115,17.861],[103.101,17.857],[103.1,17.87],[103.096,17.866],[103.082,17.874],[103.078,17.885],[103.052,17.879],[103.044,17.885],[103.045,17.895],[103.039,17.893],[103.039,17.877],[103.014,17.876],[103.005,17.861],[103.005,17.842],[102.988,17.842],[102.983,17.829],[102.969,17.823],[102.946,17.854],[102.937,17.884],[102.928,17.892],[102.891,17.892],[102.884,17.898],[102.874,17.893],[102.868,17.88],[102.874,17.857],[102.865,17.855],[102.867,17.844],[102.844,17.836],[102.851,17.827],[102.836,17.822],[102.839,17.811],[102.826,17.813],[102.842,17.806],[102.839,17.794],[102.85,17.786],[102.844,17.784],[102.846,17.778],[102.854,17.777],[102.846,17.762],[102.85,17.751],[102.843,17.744],[102.851,17.728],[102.833,17.715],[102.836,17.706],[102.83,17.693],[102.783,17.681]]]]}},{"type":"Feature","properties":{"code":"24","name":"ฉะเชิงเทรา"},"geometry":{"type":"MultiPolygon","coordinates":[[[[101.05,13.508],[101.036,13.486],[101.039,13.479],[101.006,13.459],[100.996,13.466],[100.983,13.464],[100.97,13.477],[100.954,13.465],[100.93,13.463],[100.848,13.478],[100.872,13.491],[100.872,13.524],[100.89,13.565],[100.904,13.555],[100.915,13.571],[100.907,13.592],[100.923,13.594],[100.96,13.633],[100.963,13.645],[100.954,13.65],[100.955,13.663],[100.856,13.701],[100.907,13.787],[100.938,13.815],[100.907,13.839],[100.913,13.846],[100.905,13.849],[100.913,13.961],[101.045,13.976],[101.137,13.97],[101.154,13.942],[101.152,13.931],[101.16,13.933],[101.152,13.913],[101.155,13.897],[101.146,13.894],[101.149,13.888],[101.16,13.896],[101.161,13.89],[101.152,13.879],[101.141,13.887],[101.14,13.88],[101.16,13.863],[101.15,13.852],[101.174,13.858],[101.201,13.878],[101.221,13.877],[101.22,13.887],[101.247,13.876],[101.25,13.867],[101.278,13.879],[101.327,13.867],[101.336,13.871],[101.336,13.862],[101.342,13.859],[101.35,13.87],[101.397,13.841],[101.421,13.836],[101.438,13.825],[101.438,13.83],[101.47,13.823],[101.496,13.803],[101.539,13.786],[101.546,13.786],[101.551,13.795],[101.56,13.769],[101.592,13.736],[101.613,13.736],[101.639,13.747],[101.666,13.737],[101.679,13.756],[101.725,13.755],[101.741,13.773],[101.757,13.775],[101.764,13.77],[101.762,13.754],[101.794,13.733],[101.793,13.708],[101.81,13.698],[101.822,13.706],[101.835,13.701],[101.842,13.681],[101.833,13.637],[101.865,13.632],[101.87,13.605],[101.884,13.597],[101.89,13.582],[101.915,13.585],[101.899,13.551],[101.874,13.524],[101.885,13.524],[101.897,13.511],[101.881,13.49],[101.895,13.472],[101.937,13.478],[101.944,13.439],[101.977,13.409],[101.973,13.394],[101.982,13.381],[101.982,13.36],[101.99,13.353],[101.989,13.334],[101.967,13.325],[101.947,13.293],[101.928,13.289],[101.927,13.296],[101.906,13.287],[101.906,13.271],[101.898,13.267],[101.896,13.251],[101.901,13.235],[101.891,13.227],[101.881,13.236],[101.879,13.224],[101.872,13.223],[101.869,13.25],[101.85,13.248],[101.837,13.233],[101.827,13.237],[101.819,13.218],[101.789,13.202],[101.773,13.184],[101.757,13.188],[101.753,13.181],[101.741,13.187],[101.73,13.179],[101.718,13.181],[101.713,13.206],[101.693,13.222],[101.668,13.273],[101.657,13.275],[101.64,13.293],[101.6,13.303],[101.58,13.333],[101.564,13.331],[101.557,13.368],[101.55,13.367],[101.551,13.377],[101.545,13.377],[101.55,13.388],[101.532,13.425],[101.502,13.41],[101.491,13.428],[101.496,13.436],[101.49,13.444],[101.468,13.425],[101.433,13.449],[101.401,13.45],[101.41,13.466],[101.405,13.473],[101.394,13.475],[101.361,13.464],[101.351,13.48],[101.294,13.527],[101.268,13.568],[101.253,13.565],[101.195,13.586],[101.142,13.59],[101.121,13.561],[101.114,13.57],[101.093,13.554],[101.069,13.557],[101.056,13.552],[101.046,13.56],[101.041,13.551],[101.056,13.546],[101.071,13.531],[101.066,13.512],[101.05,13.508]]]]}},{"type":"Feature","properties":{"code":"44","name":"มหาสารคาม"},"geometry":{"type":"MultiPolygon","coordinates":[[[[103.345,15.409],[103.269,15.425],[103.262,15.43],[103.263,15.439],[103.248,15.449],[103.224,15.449],[103.224,15.455],[103.212,15.461],[103.111,15.482],[103.073,15.498],[103.075,15.512],[103.09,15.533],[103.081,15.547],[103.078,15.542],[103.046,15.564],[103.054,15.59],[103.045,15.598],[103.027,15.6],[103.013,15.617],[103.012,15.628],[102.993,15.64],[102.995,15.648],[102.977,15.657],[102.973,15.668],[103.004,15.683],[103.011,15.705],[103.003,15.718],[103.006,15.725],[102.996,15.734],[102.987,15.733],[102.971,15.757],[102.944,15.754],[102.94,15.784],[102.93,15.796],[102.932,15.815],[102.919,15.822],[102.923,15.87],[102.93,15.886],[102.906,15.897],[102.902,15.911],[102.91,15.925],[102.891,15.937],[102.906,15.974],[102.905,15.983],[102.883,16.015],[102.89,16.035],[102.885,16.038],[102.892,16.04],[102.895,16.053],[102.86,16.04],[102.856,16.047],[102.862,16.057],[102.848,16.072],[102.861,16.094],[102.868,16.127],[102.855,16.128],[102.846,16.148],[102.858,16.164],[102.846,16.187],[102.846,16.273],[102.871,16.301],[102.894,16.316],[102.896,16.35],[102.909,16.348],[102.905,16.36],[102.917,16.369],[102.927,16.366],[102.919,16.373],[102.924,16.38],[102.938,16.377],[102.936,16.389],[102.949,16.389],[102.956,16.402],[102.946,16.402],[102.946,16.409],[102.957,16.413],[102.959,16.425],[102.972,16.42],[102.975,16.426],[102.962,16.43],[102.953,16.452],[103.017,16.474],[103.032,16.5],[103.04,16.491],[103.08,16.51],[103.095,16.533],[103.104,16.553],[103.119,16.567],[103.121,16.593],[103.151,16.608],[103.152,16.644],[103.189,16.642],[103.195,16.631],[103.168,16.608],[103.186,16.561],[103.185,16.543],[103.159,16.491],[103.165,16.468],[103.183,16.449],[103.184,16.437],[103.163,16.389],[103.176,16.363],[103.263,16.378],[103.292,16.393],[103.3,16.37],[103.343,16.36],[103.352,16.308],[103.375,16.298],[103.395,16.298],[103.41,16.285],[103.405,16.256],[103.415,16.239],[103.429,16.236],[103.439,16.22],[103.447,16.228],[103.448,16.218],[103.443,16.217],[103.448,16.213],[103.44,16.206],[103.45,16.205],[103.444,16.198],[103.456,16.192],[103.448,16.192],[103.452,16.182],[103.472,16.192],[103.48,16.208],[103.492,16.202],[103.494,16.195],[103.486,16.184],[103.489,16.17],[103.481,16.146],[103.458,16.12],[103.453,16.077],[103.47,16.039],[103.46,16.017],[103.463,15.979],[103.482,15.93],[103.458,15.907],[103.444,15.867],[103.437,15.834],[103.44,15.814],[103.434,15.809],[103.44,15.799],[103.426,15.773],[103.401,15.76],[103.42,15.739],[103.419,15.721],[103.398,15.708],[103.348,15.726],[103.346,15.716],[103.325,15.694],[103.318,15.71],[103.3,15.706],[103.305,15.702],[103.301,15.694],[103.292,15.694],[103.299,15.685],[103.274,15.663],[103.272,15.65],[103.301,15.649],[103.291,15.617],[103.276,15.611],[103.274,15.602],[103.284,15.593],[103.294,15.593],[103.303,15.562],[103.355,15.541],[103.361,15.526],[103.376,15.537],[103.412,15.54],[103.416,15.535],[103.413,15.493],[103.403,15.461],[103.392,15.45],[103.395,15.432],[103.345,15.409]]]]}},{"type":"Feature","properties":{"code":"21","name":"ระยอง"},"geometry":{"type":"MultiPolygon","coordinates":[[[[101.452,12.58],[101.469,12.568],[101.45,12.554],[101.442,12.521],[101.445,12.58],[101.452,12.58]]],[[[101.447,12.629],[101.424,12.616],[101.425,12.591],[101.419,12.583],[101.411,12.595],[101.382,12.612],[101.31,12.645],[101.235,12.665],[101.098,12.678],[100.993,12.656],[100.985,12.695],[100.994,12.715],[100.99,12.726],[101.003,12.733],[101.015,12.759],[101.013,12.787],[101.019,12.798],[101.037,12.813],[101.047,12.813],[101.064,12.835],[101.061,12.856],[101.073,12.878],[101.079,12.907],[101.086,12.912],[101.09,12.953],[101.104,12.972],[101.095,12.977],[101.085,13.005],[101.075,13.002],[101.067,13.008],[101.087,13.031],[101.103,13.021],[101.109,13.024],[101.124,13.011],[101.136,13.015],[101.155,13.002],[101.157,13.016],[101.163,13.018],[101.166,13.011],[101.167,13.017],[101.173,13.01],[101.173,13.021],[101.158,13.047],[101.188,13.038],[101.201,13.046],[101.196,13.054],[101.21,13.076],[101.221,13.077],[101.24,13.064],[101.251,13.076],[101.26,13.075],[101.272,13.061],[101.291,13.057],[101.302,13.073],[101.311,13.073],[101.324,13.086],[101.341,13.075],[101.365,13.044],[101.407,13.021],[101.435,13.052],[101.444,13.05],[101.458,13.032],[101.472,13.03],[101.464,13.042],[101.469,13.051],[101.488,13.051],[101.485,13.058],[101.514,13.059],[101.519,13.075],[101.545,13.071],[101.559,13.076],[101.568,13.088],[101.574,13.087],[101.583,13.129],[101.591,13.136],[101.623,13.14],[101.637,13.159],[101.657,13.163],[101.661,13.154],[101.695,13.146],[101.686,13.118],[101.69,13.111],[101.7,13.108],[101.693,13.09],[101.704,13.076],[101.711,13.04],[101.725,13.03],[101.744,13.037],[101.75,13.048],[101.759,13.046],[101.761,13.035],[101.753,13.03],[101.758,13.012],[101.738,12.982],[101.739,12.959],[101.757,12.94],[101.78,12.953],[101.79,12.943],[101.792,12.928],[101.8,12.927],[101.809,12.885],[101.815,12.902],[101.82,12.895],[101.816,12.872],[101.826,12.858],[101.828,12.811],[101.818,12.801],[101.819,12.754],[101.812,12.75],[101.807,12.756],[101.799,12.747],[101.803,12.74],[101.795,12.735],[101.799,12.722],[101.785,12.711],[101.791,12.701],[101.785,12.694],[101.761,12.706],[101.742,12.707],[101.688,12.693],[101.667,12.678],[101.657,12.661],[101.653,12.663],[101.646,12.643],[101.593,12.653],[101.565,12.647],[101.566,12.632],[101.556,12.627],[101.468,12.633],[101.447,12.629]]]]}},{"type":"Feature","properties":{"code":"22","name":"จันทบุรี"},"geometry":{"type":"MultiPolygon","coordinates":[[[[102.237,12.295],[102.244,12.293],[102.238,12.286],[102.237,12.295]]],[[[102.197,12.356],[102.152,12.402],[102.127,12.412],[102.093,12.463],[102.059,12.484],[102.06,12.469],[102.043,12.472],[102.04,12.481],[102.046,12.49],[102.036,12.486],[102.043,12.494],[102.037,12.507],[102.012,12.527],[101.976,12.543],[101.949,12.539],[101.951,12.516],[101.945,12.532],[101.929,12.537],[101.924,12.548],[101.897,12.571],[101.889,12.57],[101.884,12.58],[101.892,12.582],[101.899,12.573],[101.912,12.576],[101.903,12.6],[101.89,12.607],[101.883,12.602],[101.884,12.586],[101.865,12.617],[101.863,12.642],[101.785,12.694],[101.791,12.701],[101.785,12.711],[101.799,12.722],[101.795,12.735],[101.803,12.74],[101.799,12.747],[101.807,12.756],[101.812,12.75],[101.819,12.754],[101.818,12.801],[101.828,12.811],[101.829,12.836],[101.826,12.858],[101.816,12.872],[101.82,12.895],[101.815,12.902],[101.809,12.885],[101.8,12.927],[101.792,12.928],[101.79,12.943],[101.78,12.953],[101.757,12.94],[101.739,12.959],[101.738,12.982],[101.758,13.012],[101.753,13.03],[101.761,13.035],[101.759,13.046],[101.75,13.048],[101.744,13.037],[101.725,13.03],[101.711,13.04],[101.704,13.076],[101.693,13.09],[101.7,13.108],[101.69,13.111],[101.686,13.118],[101.695,13.146],[101.703,13.161],[101.714,13.164],[101.718,13.181],[101.73,13.179],[101.741,13.187],[101.753,13.181],[101.757,13.188],[101.773,13.184],[101.789,13.202],[101.819,13.218],[101.827,13.237],[101.837,13.233],[101.85,13.248],[101.869,13.25],[101.872,13.223],[101.879,13.224],[101.881,13.236],[101.891,13.227],[101.901,13.235],[101.896,13.251],[101.898,13.267],[101.906,13.271],[101.906,13.287],[101.927,13.296],[101.928,13.289],[101.947,13.293],[101.967,13.325],[101.989,13.334],[102.012,13.289],[102.035,13.284],[102.028,13.237],[102.056,13.24],[102.071,13.256],[102.109,13.264],[102.118,13.277],[102.128,13.334],[102.15,13.319],[102.165,13.324],[102.182,13.314],[102.19,13.292],[102.216,13.311],[102.244,13.285],[102.276,13.289],[102.285,13.304],[102.298,13.296],[102.297,13.29],[102.311,13.287],[102.333,13.317],[102.348,13.298],[102.353,13.299],[102.351,13.272],[102.367,13.263],[102.37,13.237],[102.387,13.218],[102.399,13.162],[102.406,13.145],[102.417,13.14],[102.417,13.123],[102.438,13.086],[102.459,13.082],[102.494,13.013],[102.53,13.003],[102.517,12.991],[102.508,12.996],[102.487,12.982],[102.501,12.961],[102.486,12.948],[102.509,12.895],[102.508,12.866],[102.498,12.858],[102.501,12.85],[102.515,12.842],[102.515,12.822],[102.529,12.818],[102.532,12.81],[102.528,12.797],[102.536,12.784],[102.532,12.767],[102.518,12.753],[102.491,12.757],[102.474,12.736],[102.441,12.737],[102.425,12.724],[102.424,12.712],[102.401,12.699],[102.403,12.693],[102.393,12.687],[102.393,12.679],[102.384,12.677],[102.391,12.631],[102.401,12.615],[102.397,12.609],[102.388,12.61],[102.388,12.604],[102.424,12.571],[102.399,12.568],[102.38,12.583],[102.376,12.596],[102.358,12.596],[102.345,12.586],[102.338,12.569],[102.305,12.555],[102.316,12.539],[102.314,12.524],[102.337,12.515],[102.333,12.497],[102.342,12.476],[102.337,12.464],[102.32,12.451],[102.329,12.443],[102.326,12.426],[102.367,12.403],[102.372,12.39],[102.349,12.37],[102.344,12.334],[102.306,12.302],[102.268,12.3],[102.258,12.289],[102.257,12.305],[102.216,12.333],[102.197,12.356]]]]}},{"type":"Feature","properties":{"code":"18","name":"ชัยนาท"},"geometry":{"type":"MultiPolygon","coordinates":[[[[100.264,14.95],[100.259,14.944],[100.245,14.946],[100.202,14.954],[100.199,14.961],[100.196,14.952],[100.175,14.944],[100.17,14.927],[100.137,14.913],[100.127,14.924],[100.127,14.931],[100.138,14.936],[100.133,14.946],[100.106,14.946],[100.073,14.958],[100.064,14.953],[100.04,14.961],[100.036,14.954],[100.046,14.941],[100.041,14.919],[99.968,14.902],[99.95,14.911],[99.883,14.912],[99.774,14.951],[99.763,14.962],[99.731,14.964],[99.72,14.976],[99.739,15.005],[99.769,15.023],[99.777,15.053],[99.773,15.059],[99.791,15.086],[99.789,15.099],[99.768,15.13],[99.771,15.141],[99.748,15.164],[99.76,15.175],[99.732,15.209],[99.73,15.239],[99.735,15.242],[99.727,15.26],[99.734,15.259],[99.732,15.269],[99.738,15.267],[99.753,15.296],[99.763,15.3],[99.764,15.308],[99.757,15.312],[99.808,15.318],[99.85,15.312],[99.872,15.305],[99.878,15.29],[99.885,15.288],[99.958,15.307],[99.961,15.301],[100.003,15.302],[100.021,15.292],[100.038,15.291],[100.048,15.265],[100.058,15.264],[100.062,15.284],[100.078,15.296],[100.078,15.316],[100.1,15.337],[100.098,15.352],[100.075,15.369],[100.079,15.38],[100.105,15.374],[100.107,15.38],[100.09,15.396],[100.088,15.407],[100.102,15.417],[100.14,15.404],[100.144,15.391],[100.163,15.381],[100.182,15.381],[100.217,15.364],[100.213,15.354],[100.233,15.369],[100.252,15.356],[100.253,15.341],[100.264,15.334],[100.264,15.326],[100.263,15.314],[100.251,15.305],[100.255,15.291],[100.264,15.287],[100.27,15.255],[100.278,15.249],[100.275,15.224],[100.29,15.219],[100.297,15.181],[100.318,15.158],[100.336,15.162],[100.352,15.12],[100.315,15.088],[100.289,15.078],[100.294,15.064],[100.261,15.058],[100.259,15.05],[100.246,15.039],[100.219,15.043],[100.222,15.025],[100.244,15.024],[100.243,15.018],[100.251,15.019],[100.256,15.008],[100.268,15.011],[100.276,14.992],[100.293,14.985],[100.291,14.956],[100.264,14.95]]]]}},{"type":"Feature","properties":{"code":"19","name":"สระบุรี"},"geometry":{"type":"MultiPolygon","coordinates":[[[[100.619,14.56],[100.603,14.556],[100.603,14.578],[100.575,14.597],[100.582,14.624],[100.602,14.654],[100.612,14.646],[100.627,14.655],[100.617,14.663],[100.639,14.674],[100.656,14.703],[100.653,14.712],[100.664,14.737],[100.668,14.733],[100.694,14.762],[100.726,14.76],[100.737,14.775],[100.777,14.796],[100.802,14.792],[100.828,14.805],[100.847,14.804],[100.859,14.789],[100.875,14.782],[100.882,14.764],[100.899,14.772],[100.941,14.751],[100.943,14.741],[100.962,14.745],[100.966,14.751],[100.992,14.74],[100.99,14.763],[101.024,14.809],[101.054,14.79],[101.061,14.76],[101.073,14.763],[101.062,14.789],[101.073,14.791],[101.068,14.812],[101.081,14.811],[101.078,14.818],[101.089,14.83],[101.085,14.834],[101.092,14.851],[101.073,14.879],[101.091,14.892],[101.091,14.9],[101.1,14.908],[101.151,14.897],[101.198,14.922],[101.259,14.913],[101.298,14.959],[101.329,14.966],[101.337,14.99],[101.348,14.994],[101.35,15.016],[101.363,15.046],[101.371,15.043],[101.381,15.067],[101.399,15.072],[101.425,15.013],[101.42,14.997],[101.429,14.983],[101.432,14.95],[101.449,14.913],[101.451,14.858],[101.415,14.844],[101.396,14.818],[101.337,14.786],[101.34,14.773],[101.33,14.761],[101.307,14.759],[101.298,14.739],[101.29,14.737],[101.284,14.746],[101.281,14.733],[101.232,14.732],[101.214,14.754],[101.197,14.757],[101.198,14.749],[101.188,14.749],[101.194,14.731],[101.185,14.722],[101.204,14.684],[101.199,14.664],[101.208,14.631],[101.204,14.608],[101.215,14.587],[101.206,14.58],[101.195,14.554],[101.181,14.544],[101.188,14.53],[101.195,14.531],[101.223,14.504],[101.243,14.472],[101.225,14.473],[101.225,14.463],[101.234,14.459],[101.222,14.446],[101.229,14.434],[101.214,14.437],[101.209,14.429],[101.211,14.416],[101.202,14.403],[101.21,14.372],[101.186,14.367],[101.185,14.354],[101.164,14.343],[101.147,14.374],[101.117,14.384],[101.085,14.383],[101.076,14.39],[101.071,14.406],[101.056,14.414],[101.054,14.392],[101.063,14.377],[101.049,14.348],[101.018,14.316],[101.014,14.301],[100.989,14.298],[100.986,14.287],[100.978,14.29],[100.892,14.244],[100.892,14.275],[100.823,14.244],[100.824,14.33],[100.785,14.323],[100.773,14.33],[100.793,14.364],[100.788,14.365],[100.788,14.381],[100.797,14.391],[100.781,14.399],[100.779,14.412],[100.77,14.407],[100.76,14.414],[100.768,14.421],[100.771,14.436],[100.76,14.451],[100.77,14.466],[100.766,14.479],[100.773,14.483],[100.765,14.484],[100.772,14.493],[100.768,14.498],[100.763,14.494],[100.749,14.517],[100.778,14.531],[100.774,14.551],[100.781,14.568],[100.724,14.569],[100.723,14.577],[100.702,14.575],[100.656,14.606],[100.675,14.557],[100.644,14.549],[100.619,14.56]]]]}},{"type":"Feature","properties":{"code":"52","name":"ลำปาง"},"geometry":{"type":"MultiPolygon","coordinates":[[[[99.213,17.391],[99.206,17.38],[99.209,17.374],[99.176,17.348],[99.173,17.336],[99.152,17.345],[99.142,17.36],[99.121,17.365],[99.113,17.372],[99.109,17.359],[99.088,17.376],[99.076,17.372],[99.057,17.388],[99.047,17.386],[99.032,17.411],[99.012,17.415],[99.014,17.423],[98.981,17.465],[98.959,17.464],[98.955,17.475],[98.946,17.469],[98.932,17.474],[98.928,17.507],[98.922,17.513],[98.926,17.524],[98.906,17.545],[98.911,17.582],[98.889,17.589],[98.887,17.602],[98.88,17.605],[98.882,17.626],[98.904,17.639],[98.908,17.649],[98.918,17.642],[98.94,17.64],[98.948,17.646],[98.961,17.64],[98.982,17.64],[98.991,17.634],[99.0,17.635],[99.019,17.615],[99.05,17.612],[99.062,17.636],[99.065,17.693],[99.087,17.704],[99.086,17.738],[99.104,17.741],[99.112,17.768],[99.125,17.772],[99.11,17.793],[99.105,17.813],[99.135,17.821],[99.159,17.808],[99.173,17.81],[99.174,17.822],[99.161,17.845],[99.183,17.85],[99.183,17.861],[99.146,17.899],[99.147,17.911],[99.107,17.914],[99.115,17.929],[99.115,17.947],[99.096,17.954],[99.095,17.976],[99.102,17.983],[99.095,17.996],[99.101,18.001],[99.07,18.063],[99.073,18.092],[99.067,18.099],[99.065,18.141],[99.052,18.161],[99.057,18.175],[99.029,18.216],[99.019,18.253],[99.029,18.265],[99.05,18.265],[99.065,18.273],[99.08,18.269],[99.084,18.279],[99.091,18.28],[99.107,18.265],[99.113,18.267],[99.113,18.294],[99.125,18.304],[99.123,18.312],[99.152,18.316],[99.153,18.329],[99.169,18.348],[99.167,18.374],[99.19,18.388],[99.199,18.421],[99.222,18.43],[99.238,18.449],[99.242,18.479],[99.257,18.495],[99.283,18.5],[99.286,18.493],[99.303,18.491],[99.32,18.501],[99.317,18.532],[99.327,18.543],[99.332,18.576],[99.354,18.58],[99.349,18.593],[99.359,18.607],[99.348,18.617],[99.328,18.619],[99.333,18.65],[99.342,18.65],[99.347,18.657],[99.333,18.669],[99.327,18.685],[99.336,18.693],[99.333,18.701],[99.341,18.706],[99.348,18.736],[99.371,18.753],[99.367,18.775],[99.371,18.781],[99.353,18.823],[99.353,18.846],[99.386,18.868],[99.392,18.885],[99.378,18.921],[99.387,18.944],[99.375,18.96],[99.373,18.982],[99.393,18.997],[99.437,19.009],[99.465,19.036],[99.484,19.071],[99.494,19.077],[99.527,19.076],[99.54,19.085],[99.535,19.095],[99.538,19.11],[99.553,19.123],[99.56,19.142],[99.553,19.145],[99.55,19.157],[99.536,19.163],[99.544,19.221],[99.549,19.224],[99.546,19.24],[99.548,19.253],[99.559,19.259],[99.565,19.284],[99.578,19.294],[99.576,19.328],[99.581,19.338],[99.574,19.345],[99.581,19.354],[99.575,19.362],[99.576,19.389],[99.563,19.404],[99.566,19.418],[99.631,19.384],[99.676,19.392],[99.685,19.383],[99.696,19.38],[99.692,19.36],[99.708,19.34],[99.698,19.304],[99.705,19.274],[99.703,19.255],[99.729,19.181],[99.726,19.17],[99.739,19.159],[99.743,19.144],[99.758,19.134],[99.774,19.064],[99.794,19.053],[99.82,19.061],[99.82,19.046],[99.833,19.04],[99.829,19.012],[99.84,19.001],[99.871,18.997],[99.882,19.0],[99.889,18.989],[99.906,18.983],[99.91,18.988],[99.926,18.98],[99.945,18.943],[99.996,18.906],[100.004,18.906],[100.017,18.896],[100.033,18.902],[100.071,18.864],[100.062,18.836],[100.067,18.817],[100.088,18.828],[100.122,18.798],[100.126,18.784],[100.101,18.751],[100.097,18.729],[100.108,18.703],[100.105,18.69],[100.111,18.671],[100.1,18.631],[100.121,18.601],[100.11,18.59],[100.113,18.578],[100.105,18.56],[100.09,18.573],[100.076,18.561],[100.056,18.558],[100.049,18.531],[100.057,18.527],[100.056,18.517],[100.049,18.497],[100.03,18.47],[100.024,18.469],[100.028,18.464],[100.021,18.448],[100.004,18.446],[100.014,18.437],[100.0,18.402],[99.987,18.392],[99.966,18.394],[99.969,18.385],[99.956,18.377],[99.951,18.356],[99.94,18.351],[99.936,18.328],[99.907,18.28],[99.874,18.278],[99.858,18.284],[99.851,18.256],[99.845,18.257],[99.833,18.236],[99.821,18.238],[99.801,18.215],[99.799,18.2],[99.754,18.141],[99.761,18.124],[99.738,18.106],[99.719,18.07],[99.691,18.065],[99.692,18.057],[99.668,18.042],[99.658,18.04],[99.65,18.057],[99.633,18.062],[99.619,18.049],[99.586,18.035],[99.595,18.01],[99.567,17.993],[99.559,17.975],[99.548,17.972],[99.541,17.961],[99.526,17.959],[99.493,17.924],[99.482,17.921],[99.475,17.894],[99.421,17.851],[99.412,17.825],[99.393,17.815],[99.386,17.79],[99.367,17.774],[99.381,17.751],[99.374,17.733],[99.377,17.725],[99.386,17.723],[99.381,17.711],[99.386,17.686],[99.422,17.71],[99.45,17.71],[99.46,17.732],[99.471,17.738],[99.478,17.725],[99.47,17.691],[99.476,17.677],[99.466,17.661],[99.451,17.655],[99.447,17.644],[99.454,17.6],[99.447,17.6],[99.44,17.61],[99.426,17.609],[99.413,17.575],[99.435,17.563],[99.43,17.549],[99.439,17.527],[99.421,17.519],[99.419,17.488],[99.406,17.471],[99.418,17.458],[99.415,17.45],[99.433,17.435],[99.443,17.434],[99.44,17.421],[99.43,17.418],[99.427,17.409],[99.429,17.392],[99.442,17.389],[99.456,17.369],[99.469,17.368],[99.476,17.341],[99.476,17.326],[99.455,17.309],[99.456,17.254],[99.441,17.252],[99.445,17.243],[99.439,17.23],[99.427,17.232],[99.419,17.227],[99.419,17.219],[99.401,17.221],[99.393,17.206],[99.373,17.213],[99.359,17.249],[99.34,17.267],[99.303,17.274],[99.297,17.304],[99.287,17.311],[99.277,17.331],[99.278,17.346],[99.271,17.352],[99.275,17.381],[99.27,17.4],[99.228,17.406],[99.213,17.391]]]]}},{"type":"Feature","properties":{"code":"53","name":"อุตรดิตถ์"},"geometry":{"type":"MultiPolygon","coordinates":[[[[100.249,17.256],[100.253,17.248],[100.248,17.238],[100.206,17.207],[100.168,17.202],[100.162,17.167],[100.155,17.169],[100.149,17.186],[100.137,17.18],[100.091,17.189],[100.037,17.181],[100.014,17.139],[99.996,17.138],[100.009,17.151],[99.993,17.159],[99.983,17.155],[99.973,17.165],[99.984,17.19],[99.973,17.199],[99.971,17.211],[99.982,17.216],[99.958,17.231],[99.973,17.241],[99.955,17.243],[99.98,17.285],[100.002,17.297],[99.993,17.313],[100.012,17.336],[100.001,17.355],[100.008,17.361],[100.0,17.369],[100.01,17.38],[99.992,17.406],[99.996,17.416],[100.016,17.417],[100.031,17.444],[100.02,17.459],[100.007,17.456],[99.999,17.467],[99.981,17.473],[99.981,17.487],[99.972,17.496],[99.967,17.493],[99.956,17.506],[99.94,17.495],[99.933,17.507],[99.931,17.522],[99.941,17.536],[99.94,17.55],[99.928,17.564],[99.924,17.587],[99.94,17.592],[99.976,17.622],[99.966,17.633],[99.977,17.658],[99.963,17.711],[99.945,17.723],[99.912,17.763],[99.923,17.769],[99.922,17.786],[99.899,17.797],[99.895,17.806],[99.91,17.804],[99.937,17.782],[99.958,17.78],[99.963,17.798],[99.98,17.799],[99.99,17.812],[99.978,17.834],[99.996,17.83],[100.048,17.848],[100.057,17.834],[100.065,17.841],[100.089,17.843],[100.096,17.851],[100.101,17.847],[100.12,17.859],[100.13,17.856],[100.154,17.877],[100.161,17.89],[100.215,17.921],[100.225,17.948],[100.246,17.962],[100.262,17.953],[100.28,17.957],[100.288,17.936],[100.299,17.939],[100.307,17.933],[100.313,17.91],[100.334,17.889],[100.36,17.926],[100.35,17.983],[100.378,18.003],[100.392,18.021],[100.407,18.025],[100.424,18.013],[100.481,18.055],[100.503,18.054],[100.521,18.043],[100.552,18.035],[100.573,18.036],[100.577,18.044],[100.592,18.041],[100.61,18.05],[100.623,18.043],[100.67,18.042],[100.681,18.028],[100.706,18.026],[100.717,18.068],[100.718,18.053],[100.726,18.048],[100.753,18.065],[100.763,18.063],[100.776,18.047],[100.777,18.032],[100.801,18.054],[100.81,18.077],[100.819,18.083],[100.85,18.083],[100.857,18.103],[100.875,18.119],[100.876,18.142],[100.884,18.151],[100.889,18.147],[100.914,18.159],[100.906,18.175],[100.908,18.193],[100.925,18.212],[100.913,18.228],[100.926,18.25],[100.94,18.255],[100.963,18.278],[100.98,18.306],[100.998,18.308],[101.055,18.353],[101.074,18.358],[101.086,18.381],[101.094,18.381],[101.132,18.366],[101.148,18.347],[101.182,18.34],[101.18,18.328],[101.148,18.295],[101.163,18.278],[101.144,18.259],[101.159,18.247],[101.165,18.218],[101.179,18.225],[101.193,18.213],[101.161,18.124],[101.174,18.089],[101.173,18.076],[101.184,18.065],[101.16,18.03],[101.151,18.037],[101.121,17.999],[101.115,17.972],[101.117,17.951],[101.104,17.947],[101.089,17.925],[101.074,17.921],[101.071,17.914],[101.047,17.913],[101.019,17.891],[101.017,17.878],[101.035,17.861],[101.032,17.834],[100.999,17.821],[100.993,17.804],[101.006,17.784],[100.999,17.771],[100.981,17.768],[100.977,17.762],[100.977,17.753],[100.988,17.743],[100.977,17.716],[100.956,17.701],[100.925,17.696],[100.909,17.702],[100.904,17.715],[100.889,17.716],[100.871,17.707],[100.853,17.681],[100.843,17.654],[100.802,17.638],[100.79,17.613],[100.776,17.601],[100.774,17.583],[100.747,17.558],[100.74,17.542],[100.69,17.523],[100.671,17.502],[100.641,17.49],[100.645,17.474],[100.629,17.475],[100.614,17.465],[100.603,17.444],[100.603,17.428],[100.59,17.42],[100.531,17.417],[100.513,17.404],[100.501,17.429],[100.484,17.418],[100.453,17.419],[100.448,17.424],[100.427,17.421],[100.42,17.411],[100.392,17.404],[100.373,17.392],[100.33,17.387],[100.324,17.369],[100.306,17.382],[100.243,17.352],[100.237,17.317],[100.249,17.256]]]]}},{"type":"Feature","properties":{"code":"50","name":"เชียงใหม่"},"geometry":{"type":"MultiPolygon","coordinates":[[[[98.523,17.573],[98.539,17.551],[98.519,17.512],[98.525,17.495],[98.518,17.478],[98.529,17.452],[98.547,17.446],[98.546,17.433],[98.557,17.42],[98.556,17.396],[98.537,17.362],[98.562,17.351],[98.556,17.337],[98.561,17.318],[98.558,17.294],[98.579,17.299],[98.574,17.285],[98.544,17.283],[98.532,17.274],[98.52,17.281],[98.503,17.28],[98.49,17.27],[98.478,17.277],[98.461,17.276],[98.393,17.242],[98.358,17.275],[98.361,17.288],[98.331,17.302],[98.317,17.321],[98.332,17.329],[98.334,17.349],[98.318,17.365],[98.319,17.38],[98.292,17.408],[98.323,17.417],[98.328,17.429],[98.32,17.435],[98.32,17.444],[98.33,17.469],[98.315,17.527],[98.306,17.549],[98.299,17.553],[98.303,17.566],[98.298,17.576],[98.269,17.58],[98.256,17.573],[98.239,17.55],[98.179,17.537],[98.168,17.547],[98.137,17.541],[98.126,17.559],[98.127,17.568],[98.108,17.583],[98.11,17.592],[98.103,17.6],[98.107,17.612],[98.1,17.615],[98.102,17.622],[98.09,17.637],[98.126,17.66],[98.145,17.682],[98.153,17.729],[98.149,17.746],[98.14,17.749],[98.136,17.76],[98.148,17.777],[98.132,17.796],[98.104,17.797],[98.073,17.83],[98.069,17.853],[98.055,17.868],[98.057,17.887],[98.045,17.899],[98.049,17.925],[98.06,17.933],[98.047,17.944],[98.089,17.963],[98.133,17.946],[98.144,17.936],[98.162,17.971],[98.228,17.99],[98.246,17.989],[98.242,18.011],[98.225,18.015],[98.221,18.024],[98.234,18.034],[98.231,18.037],[98.252,18.065],[98.242,18.088],[98.229,18.089],[98.231,18.098],[98.213,18.087],[98.193,18.097],[98.181,18.153],[98.16,18.157],[98.157,18.166],[98.167,18.168],[98.167,18.183],[98.177,18.192],[98.167,18.204],[98.172,18.218],[98.153,18.225],[98.139,18.24],[98.139,18.281],[98.152,18.286],[98.193,18.285],[98.202,18.291],[98.208,18.306],[98.198,18.332],[98.145,18.363],[98.136,18.385],[98.123,18.395],[98.126,18.406],[98.095,18.42],[98.081,18.418],[98.074,18.429],[98.083,18.447],[98.105,18.458],[98.121,18.501],[98.146,18.514],[98.154,18.512],[98.164,18.525],[98.175,18.523],[98.17,18.529],[98.174,18.547],[98.185,18.549],[98.209,18.537],[98.232,18.558],[98.237,18.572],[98.226,18.588],[98.212,18.591],[98.211,18.607],[98.183,18.609],[98.183,18.625],[98.163,18.626],[98.146,18.638],[98.118,18.635],[98.106,18.649],[98.112,18.67],[98.105,18.677],[98.1,18.705],[98.108,18.714],[98.102,18.736],[98.094,18.738],[98.12,18.758],[98.122,18.774],[98.107,18.78],[98.093,18.777],[98.085,18.796],[98.088,18.805],[98.078,18.821],[98.102,18.884],[98.129,18.912],[98.144,18.912],[98.156,18.92],[98.157,18.937],[98.166,18.939],[98.173,18.951],[98.164,18.981],[98.169,18.999],[98.186,19.015],[98.185,19.032],[98.205,19.049],[98.226,19.088],[98.249,19.107],[98.252,19.114],[98.241,19.127],[98.24,19.14],[98.243,19.153],[98.253,19.161],[98.265,19.153],[98.343,19.153],[98.339,19.142],[98.35,19.132],[98.343,19.123],[98.351,19.097],[98.371,19.086],[98.373,19.065],[98.386,19.062],[98.401,19.036],[98.421,19.028],[98.438,19.048],[98.541,19.025],[98.555,19.038],[98.564,19.038],[98.567,19.045],[98.595,19.044],[98.603,19.053],[98.64,19.069],[98.652,19.094],[98.632,19.142],[98.633,19.156],[98.622,19.158],[98.621,19.169],[98.608,19.173],[98.605,19.181],[98.582,19.189],[98.569,19.207],[98.569,19.216],[98.582,19.217],[98.598,19.229],[98.587,19.255],[98.602,19.278],[98.594,19.289],[98.601,19.315],[98.589,19.333],[98.594,19.34],[98.59,19.353],[98.595,19.353],[98.581,19.366],[98.573,19.388],[98.577,19.398],[98.587,19.398],[98.596,19.407],[98.586,19.415],[98.59,19.424],[98.585,19.444],[98.599,19.47],[98.595,19.49],[98.588,19.498],[98.587,19.515],[98.575,19.525],[98.568,19.52],[98.565,19.528],[98.566,19.56],[98.542,19.572],[98.537,19.6],[98.54,19.623],[98.527,19.627],[98.522,19.639],[98.497,19.652],[98.472,19.658],[98.467,19.693],[98.507,19.71],[98.509,19.717],[98.518,19.716],[98.539,19.689],[98.568,19.673],[98.573,19.704],[98.592,19.715],[98.609,19.709],[98.617,19.717],[98.624,19.713],[98.627,19.728],[98.654,19.739],[98.661,19.734],[98.667,19.749],[98.704,19.758],[98.712,19.768],[98.74,19.753],[98.752,19.76],[98.778,19.752],[98.797,19.775],[98.829,19.793],[98.839,19.813],[98.85,19.807],[98.853,19.797],[98.869,19.792],[98.909,19.761],[98.917,19.743],[98.929,19.758],[98.928,19.771],[98.934,19.774],[98.965,19.741],[98.981,19.734],[98.992,19.781],[99.004,19.781],[99.017,19.796],[99.034,19.85],[99.025,19.863],[99.023,19.928],[99.044,19.932],[99.043,19.951],[99.031,19.971],[99.038,19.992],[99.055,20.003],[99.044,20.017],[99.045,20.039],[99.057,20.063],[99.067,20.068],[99.067,20.087],[99.08,20.102],[99.092,20.099],[99.095,20.105],[99.101,20.098],[99.132,20.106],[99.127,20.118],[99.16,20.133],[99.181,20.127],[99.212,20.131],[99.226,20.119],[99.232,20.125],[99.243,20.114],[99.259,20.113],[99.295,20.082],[99.325,20.07],[99.381,20.089],[99.439,20.09],[99.443,20.098],[99.499,20.116],[99.495,20.131],[99.513,20.147],[99.52,20.138],[99.571,20.122],[99.57,20.108],[99.559,20.1],[99.55,20.104],[99.495,20.08],[99.491,20.071],[99.497,20.051],[99.468,20.033],[99.468,20.022],[99.479,20.013],[99.467,20.007],[99.453,19.981],[99.434,19.964],[99.422,19.963],[99.415,19.933],[99.42,19.918],[99.4,19.912],[99.383,19.89],[99.387,19.869],[99.414,19.845],[99.409,19.832],[99.42,19.821],[99.419,19.813],[99.392,19.814],[99.378,19.796],[99.377,19.782],[99.363,19.777],[99.361,19.728],[99.35,19.725],[99.346,19.712],[99.313,19.708],[99.293,19.679],[99.265,19.664],[99.258,19.65],[99.259,19.629],[99.266,19.625],[99.268,19.611],[99.292,19.594],[99.289,19.581],[99.295,19.57],[99.307,19.555],[99.317,19.554],[99.326,19.539],[99.309,19.527],[99.295,19.493],[99.299,19.486],[99.308,19.488],[99.306,19.473],[99.317,19.455],[99.309,19.432],[99.33,19.399],[99.324,19.396],[99.333,19.362],[99.316,19.35],[99.338,19.298],[99.342,19.269],[99.311,19.225],[99.315,19.209],[99.304,19.194],[99.309,19.175],[99.32,19.165],[99.321,19.126],[99.345,19.086],[99.352,19.087],[99.365,19.079],[99.366,19.069],[99.384,19.064],[99.383,19.043],[99.402,19.0],[99.373,18.982],[99.375,18.96],[99.387,18.944],[99.378,18.921],[99.392,18.885],[99.386,18.868],[99.353,18.846],[99.353,18.823],[99.371,18.781],[99.367,18.775],[99.371,18.753],[99.348,18.736],[99.341,18.706],[99.333,18.701],[99.336,18.693],[99.327,18.685],[99.333,18.669],[99.347,18.657],[99.342,18.65],[99.333,18.65],[99.328,18.619],[99.348,18.617],[99.359,18.607],[99.349,18.593],[99.354,18.58],[99.332,18.576],[99.327,18.543],[99.317,18.532],[99.296,18.537],[99.264,18.572],[99.219,18.592],[99.223,18.608],[99.235,18.617],[99.234,18.652],[99.207,18.66],[99.205,18.669],[99.188,18.679],[99.189,18.707],[99.156,18.71],[99.138,18.702],[99.126,18.684],[99.102,18.678],[99.099,18.669],[99.077,18.672],[99.068,18.664],[99.011,18.673],[99.004,18.662],[99.005,18.646],[98.979,18.635],[98.965,18.615],[98.97,18.603],[98.933,18.555],[98.935,18.543],[98.915,18.537],[98.878,18.511],[98.873,18.517],[98.865,18.515],[98.86,18.502],[98.846,18.5],[98.839,18.487],[98.815,18.471],[98.814,18.462],[98.778,18.45],[98.764,18.435],[98.743,18.431],[98.725,18.446],[98.715,18.434],[98.709,18.442],[98.693,18.419],[98.697,18.411],[98.71,18.415],[98.69,18.392],[98.681,18.367],[98.704,18.335],[98.672,18.327],[98.673,18.311],[98.721,18.286],[98.736,18.266],[98.774,18.251],[98.777,18.238],[98.773,18.23],[98.785,18.221],[98.783,18.18],[98.793,18.16],[98.804,18.157],[98.81,18.113],[98.798,18.087],[98.814,18.079],[98.807,18.064],[98.798,18.058],[98.794,18.03],[98.779,18.013],[98.778,18.003],[98.809,18.008],[98.834,17.989],[98.83,17.975],[98.842,17.965],[98.843,17.942],[98.857,17.909],[98.855,17.897],[98.861,17.895],[98.871,17.85],[98.86,17.857],[98.853,17.848],[98.856,17.815],[98.822,17.797],[98.8,17.796],[98.793,17.81],[98.798,17.814],[98.795,17.824],[98.784,17.833],[98.763,17.801],[98.743,17.805],[98.727,17.794],[98.716,17.798],[98.685,17.791],[98.671,17.834],[98.639,17.814],[98.632,17.785],[98.624,17.777],[98.615,17.78],[98.591,17.806],[98.582,17.801],[98.571,17.81],[98.559,17.797],[98.519,17.825],[98.509,17.813],[98.494,17.814],[98.494,17.781],[98.526,17.708],[98.523,17.679],[98.533,17.62],[98.523,17.573]]]]}},{"type":"Feature","properties":{"code":"51","name":"ลำพูน"},"geometry":{"type":"MultiPolygon","coordinates":[[[[99.11,17.793],[99.125,17.772],[99.112,17.768],[99.104,17.741],[99.086,17.738],[99.087,17.704],[99.065,17.693],[99.062,17.636],[99.05,17.612],[99.019,17.615],[99.0,17.635],[98.991,17.634],[98.982,17.64],[98.961,17.64],[98.948,17.646],[98.94,17.64],[98.918,17.642],[98.908,17.649],[98.904,17.639],[98.882,17.626],[98.88,17.611],[98.889,17.589],[98.911,17.582],[98.905,17.563],[98.911,17.535],[98.896,17.528],[98.883,17.511],[98.88,17.491],[98.872,17.493],[98.859,17.511],[98.823,17.512],[98.816,17.501],[98.796,17.5],[98.762,17.483],[98.75,17.468],[98.718,17.465],[98.691,17.424],[98.681,17.446],[98.683,17.459],[98.688,17.473],[98.705,17.486],[98.706,17.501],[98.697,17.514],[98.702,17.556],[98.694,17.586],[98.682,17.597],[98.692,17.631],[98.685,17.645],[98.689,17.655],[98.684,17.666],[98.723,17.676],[98.746,17.693],[98.74,17.707],[98.725,17.717],[98.724,17.727],[98.704,17.743],[98.704,17.762],[98.687,17.78],[98.685,17.791],[98.716,17.798],[98.727,17.794],[98.743,17.805],[98.763,17.801],[98.784,17.833],[98.795,17.824],[98.798,17.814],[98.793,17.81],[98.8,17.796],[98.822,17.797],[98.856,17.815],[98.853,17.848],[98.86,17.857],[98.871,17.85],[98.861,17.895],[98.855,17.897],[98.857,17.909],[98.843,17.942],[98.842,17.965],[98.83,17.975],[98.834,17.989],[98.809,18.008],[98.778,18.003],[98.779,18.013],[98.794,18.03],[98.798,18.058],[98.807,18.064],[98.814,18.079],[98.798,18.087],[98.81,18.113],[98.804,18.157],[98.793,18.16],[98.783,18.18],[98.785,18.221],[98.773,18.23],[98.777,18.238],[98.774,18.251],[98.736,18.266],[98.721,18.286],[98.673,18.311],[98.672,18.327],[98.704,18.335],[98.681,18.367],[98.69,18.392],[98.71,18.415],[98.697,18.411],[98.693,18.419],[98.709,18.442],[98.715,18.434],[98.725,18.446],[98.743,18.431],[98.764,18.435],[98.778,18.45],[98.814,18.462],[98.815,18.471],[98.839,18.487],[98.846,18.5],[98.86,18.502],[98.865,18.515],[98.873,18.517],[98.878,18.511],[98.915,18.537],[98.935,18.543],[98.933,18.555],[98.97,18.603],[98.965,18.615],[98.979,18.635],[99.005,18.646],[99.004,18.662],[99.011,18.673],[99.068,18.664],[99.077,18.672],[99.099,18.669],[99.102,18.678],[99.126,18.684],[99.138,18.702],[99.156,18.71],[99.189,18.707],[99.188,18.679],[99.205,18.669],[99.207,18.66],[99.234,18.652],[99.235,18.617],[99.223,18.608],[99.219,18.592],[99.264,18.572],[99.296,18.537],[99.317,18.532],[99.32,18.501],[99.303,18.491],[99.286,18.493],[99.283,18.5],[99.257,18.495],[99.242,18.479],[99.238,18.449],[99.222,18.43],[99.199,18.421],[99.19,18.388],[99.167,18.374],[99.169,18.348],[99.153,18.329],[99.152,18.316],[99.123,18.312],[99.125,18.304],[99.113,18.294],[99.113,18.267],[99.107,18.265],[99.091,18.28],[99.084,18.279],[99.08,18.269],[99.065,18.273],[99.05,18.265],[99.029,18.265],[99.019,18.253],[99.029,18.216],[99.057,18.175],[99.052,18.161],[99.065,18.141],[99.067,18.099],[99.073,18.092],[99.07,18.063],[99.101,18.001],[99.095,17.996],[99.102,17.983],[99.095,17.976],[99.096,17.954],[99.115,17.947],[99.115,17.929],[99.107,17.914],[99.147,17.911],[99.146,17.899],[99.183,17.861],[99.183,17.85],[99.161,17.845],[99.174,17.822],[99.173,17.81],[99.159,17.808],[99.135,17.821],[99.122,17.819],[99.105,17.813],[99.11,17.793]]]]}},{"type":"Feature","properties":{"code":"96","name":"นราธิวาส"},"geometry":{"type":"MultiPolygon","coordinates":[[[[101.933,5.863],[101.916,5.843],[101.895,5.846],[101.883,5.838],[101.877,5.821],[101.88,5.81],[101.861,5.801],[101.867,5.791],[101.836,5.789],[101.818,5.756],[101.824,5.752],[101.826,5.735],[101.816,5.733],[101.777,5.766],[101.774,5.786],[101.753,5.797],[101.744,5.794],[101.739,5.782],[101.727,5.785],[101.722,5.78],[101.718,5.788],[101.715,5.764],[101.702,5.753],[101.694,5.754],[101.687,5.782],[101.672,5.787],[101.664,5.801],[101.668,5.808],[101.663,5.815],[101.658,5.812],[101.661,5.848],[101.656,5.857],[101.663,5.866],[101.659,5.875],[101.642,5.87],[101.623,5.877],[101.615,5.911],[101.598,5.912],[101.581,5.934],[101.559,5.919],[101.539,5.919],[101.526,5.91],[101.523,5.899],[101.513,5.903],[101.502,5.889],[101.498,5.9],[101.49,5.901],[101.49,5.937],[101.497,5.948],[101.486,5.956],[101.484,5.978],[101.479,5.976],[101.473,5.989],[101.482,6.012],[101.474,6.039],[101.474,6.067],[101.467,6.08],[101.454,6.078],[101.44,6.091],[101.435,6.129],[101.43,6.129],[101.425,6.144],[101.415,6.144],[101.411,6.158],[101.394,6.16],[101.387,6.168],[101.371,6.209],[101.396,6.224],[101.403,6.24],[101.395,6.245],[101.403,6.272],[101.395,6.287],[101.4,6.317],[101.387,6.336],[101.42,6.386],[101.412,6.396],[101.421,6.405],[101.423,6.42],[101.436,6.429],[101.457,6.432],[101.465,6.423],[101.469,6.429],[101.463,6.465],[101.509,6.453],[101.547,6.483],[101.556,6.484],[101.587,6.513],[101.593,6.529],[101.609,6.544],[101.593,6.565],[101.596,6.581],[101.574,6.6],[101.574,6.621],[101.582,6.629],[101.599,6.624],[101.613,6.634],[101.626,6.631],[101.623,6.626],[101.627,6.625],[101.631,6.636],[101.634,6.621],[101.646,6.619],[101.669,6.574],[101.709,6.569],[101.725,6.577],[101.818,6.452],[101.856,6.428],[101.874,6.425],[101.949,6.342],[102.087,6.247],[102.091,6.237],[102.083,6.229],[102.078,6.173],[102.093,6.148],[102.053,6.08],[102.031,6.071],[102.019,6.052],[102.003,6.05],[102.004,6.044],[101.978,6.03],[101.97,6.005],[101.942,5.981],[101.943,5.954],[101.929,5.948],[101.93,5.933],[101.921,5.911],[101.933,5.907],[101.943,5.873],[101.933,5.863]]]]}},{"type":"Feature","properties":{"code":"94","name":"ปัตตานี"},"geometry":{"type":"MultiPolygon","coordinates":[[[[101.594,6.567],[101.564,6.55],[101.537,6.556],[101.518,6.577],[101.522,6.584],[101.506,6.603],[101.495,6.6],[101.494,6.606],[101.471,6.595],[101.469,6.587],[101.457,6.585],[101.453,6.576],[101.412,6.583],[101.39,6.569],[101.354,6.558],[101.344,6.559],[101.327,6.573],[101.309,6.565],[101.301,6.573],[101.292,6.613],[101.303,6.62],[101.289,6.664],[101.297,6.677],[101.289,6.684],[101.28,6.682],[101.284,6.67],[101.272,6.647],[101.249,6.644],[101.214,6.595],[101.18,6.598],[101.147,6.611],[101.134,6.608],[101.092,6.641],[101.069,6.644],[101.049,6.663],[101.057,6.678],[101.073,6.686],[101.062,6.69],[101.063,6.701],[101.043,6.72],[101.019,6.725],[101.032,6.74],[101.029,6.779],[101.041,6.795],[101.039,6.818],[101.049,6.837],[101.044,6.838],[101.044,6.848],[101.064,6.857],[101.192,6.867],[101.234,6.884],[101.248,6.901],[101.284,6.892],[101.283,6.883],[101.294,6.879],[101.308,6.887],[101.333,6.876],[101.344,6.886],[101.34,6.913],[101.329,6.912],[101.324,6.928],[101.313,6.923],[101.301,6.928],[101.3,6.939],[101.299,6.934],[101.285,6.938],[101.289,6.949],[101.239,6.931],[101.248,6.942],[101.287,6.952],[101.353,6.906],[101.457,6.884],[101.507,6.863],[101.526,6.866],[101.545,6.847],[101.558,6.846],[101.725,6.577],[101.709,6.569],[101.669,6.574],[101.646,6.619],[101.634,6.621],[101.631,6.636],[101.627,6.625],[101.623,6.626],[101.626,6.631],[101.613,6.634],[101.599,6.624],[101.582,6.629],[101.574,6.621],[101.574,6.6],[101.596,6.581],[101.594,6.567]]]]}},{"type":"Feature","properties":{"code":"95","name":"ยะลา"},"geometry":{"type":"MultiPolygon","coordinates":[[[[101.205,5.66],[101.195,5.649],[101.171,5.648],[101.163,5.63],[101.134,5.613],[101.123,5.662],[101.097,5.692],[101.095,5.704],[101.085,5.713],[101.081,5.71],[101.083,5.721],[101.062,5.727],[101.06,5.744],[101.035,5.738],[101.019,5.766],[101.007,5.77],[100.996,5.785],[100.989,5.784],[100.984,5.809],[100.992,5.812],[101.012,5.838],[101.007,5.851],[101.009,5.874],[101.029,5.901],[101.027,5.914],[101.044,5.917],[101.052,5.911],[101.063,5.92],[101.084,5.91],[101.099,5.942],[101.095,5.951],[101.112,5.958],[101.123,5.977],[101.107,5.99],[101.113,6.009],[101.108,6.028],[101.114,6.039],[101.1,6.051],[101.111,6.066],[101.115,6.093],[101.126,6.095],[101.127,6.104],[101.12,6.113],[101.107,6.113],[101.105,6.124],[101.089,6.134],[101.058,6.143],[101.075,6.161],[101.075,6.171],[101.086,6.179],[101.103,6.179],[101.126,6.194],[101.115,6.204],[101.116,6.221],[101.105,6.238],[101.112,6.251],[101.094,6.26],[101.064,6.259],[101.03,6.244],[101.022,6.25],[101.017,6.246],[101.01,6.256],[100.989,6.266],[100.984,6.279],[100.967,6.283],[100.965,6.272],[100.947,6.263],[100.944,6.243],[100.917,6.248],[100.903,6.233],[100.871,6.265],[100.865,6.244],[100.87,6.24],[100.854,6.232],[100.835,6.296],[100.843,6.308],[100.849,6.289],[100.865,6.297],[100.888,6.296],[100.896,6.303],[100.911,6.304],[100.918,6.319],[100.929,6.322],[100.92,6.345],[100.928,6.365],[100.917,6.397],[100.922,6.426],[100.933,6.445],[100.949,6.443],[100.952,6.452],[100.959,6.452],[100.964,6.469],[100.973,6.468],[100.977,6.486],[101.022,6.482],[101.046,6.489],[101.036,6.517],[101.044,6.525],[101.043,6.542],[101.069,6.544],[101.081,6.556],[101.089,6.614],[101.108,6.629],[101.134,6.608],[101.147,6.611],[101.18,6.598],[101.214,6.595],[101.249,6.644],[101.272,6.647],[101.284,6.67],[101.28,6.682],[101.289,6.684],[101.297,6.677],[101.289,6.664],[101.303,6.62],[101.292,6.613],[101.301,6.573],[101.309,6.565],[101.327,6.573],[101.344,6.559],[101.354,6.558],[101.39,6.569],[101.412,6.583],[101.453,6.576],[101.457,6.585],[101.469,6.587],[101.471,6.595],[101.494,6.606],[101.495,6.6],[101.506,6.603],[101.522,6.584],[101.518,6.577],[101.537,6.556],[101.564,6.55],[101.593,6.565],[101.609,6.544],[101.574,6.499],[101.509,6.453],[101.463,6.465],[101.469,6.429],[101.465,6.423],[101.457,6.432],[101.436,6.429],[101.423,6.42],[101.421,6.405],[101.412,6.396],[101.42,6.386],[101.387,6.336],[101.4,6.317],[101.395,6.287],[101.403,6.272],[101.395,6.245],[101.403,6.24],[101.396,6.224],[101.371,6.209],[101.387,6.168],[101.394,6.16],[101.411,6.158],[101.415,6.144],[101.425,6.144],[101.43,6.129],[101.435,6.129],[101.44,6.091],[101.454,6.078],[101.467,6.08],[101.474,6.067],[101.474,6.039],[101.482,6.012],[101.473,5.989],[101.479,5.976],[101.484,5.978],[101.486,5.956],[101.497,5.948],[101.49,5.937],[101.49,5.901],[101.498,5.9],[101.502,5.889],[101.494,5.882],[101.487,5.883],[101.485,5.87],[101.465,5.877],[101.454,5.867],[101.428,5.876],[101.392,5.876],[101.389,5.858],[101.38,5.851],[101.374,5.833],[101.359,5.833],[101.349,5.826],[101.346,5.809],[101.323,5.814],[101.312,5.802],[101.305,5.814],[101.277,5.812],[101.26,5.792],[101.25,5.761],[101.26,5.713],[101.242,5.691],[101.218,5.688],[101.217,5.665],[101.205,5.66]]]]}},{"type":"Feature","properties":{"code":"92","name":"ตรัง"},"geometry":{"type":"MultiPolygon","coordinates":[[[[99.475,7.021],[99.471,7.051],[99.476,7.038],[99.475,7.021]]],[[[99.39,7.275],[99.397,7.262],[99.427,7.268],[99.451,7.255],[99.408,7.243],[99.405,7.233],[99.392,7.225],[99.394,7.211],[99.383,7.206],[99.365,7.225],[99.372,7.244],[99.368,7.267],[99.377,7.268],[99.383,7.281],[99.39,7.275]]],[[[99.561,7.121],[99.596,7.104],[99.615,7.081],[99.565,7.093],[99.553,7.129],[99.561,7.121]]],[[[99.641,7.167],[99.615,7.139],[99.602,7.137],[99.6,7.156],[99.585,7.147],[99.554,7.212],[99.521,7.252],[99.462,7.289],[99.418,7.304],[99.416,7.314],[99.405,7.318],[99.402,7.306],[99.394,7.307],[99.361,7.358],[99.337,7.38],[99.347,7.401],[99.346,7.412],[99.336,7.411],[99.345,7.415],[99.346,7.441],[99.328,7.494],[99.311,7.507],[99.313,7.513],[99.296,7.498],[99.284,7.516],[99.287,7.522],[99.293,7.514],[99.298,7.516],[99.294,7.523],[99.304,7.519],[99.312,7.539],[99.294,7.561],[99.299,7.57],[99.278,7.601],[99.283,7.619],[99.277,7.634],[99.261,7.617],[99.233,7.631],[99.257,7.627],[99.251,7.64],[99.262,7.663],[99.276,7.68],[99.285,7.68],[99.287,7.688],[99.296,7.689],[99.308,7.701],[99.312,7.729],[99.306,7.755],[99.289,7.762],[99.288,7.771],[99.301,7.79],[99.303,7.809],[99.287,7.811],[99.294,7.825],[99.278,7.849],[99.29,7.862],[99.314,7.867],[99.331,7.88],[99.334,7.929],[99.363,7.936],[99.37,7.946],[99.398,7.922],[99.423,7.926],[99.42,7.866],[99.471,7.905],[99.48,7.882],[99.489,7.887],[99.495,7.882],[99.506,7.886],[99.515,7.878],[99.532,7.881],[99.54,7.886],[99.535,7.894],[99.548,7.921],[99.56,7.923],[99.562,7.939],[99.569,7.939],[99.572,7.949],[99.582,7.948],[99.586,7.959],[99.598,7.961],[99.594,7.966],[99.599,7.967],[99.608,7.982],[99.604,7.988],[99.618,7.991],[99.631,8.009],[99.656,8.013],[99.706,7.993],[99.742,8.007],[99.747,8.002],[99.746,7.984],[99.757,7.988],[99.735,7.943],[99.744,7.932],[99.733,7.902],[99.732,7.888],[99.74,7.877],[99.732,7.849],[99.737,7.839],[99.749,7.836],[99.771,7.789],[99.767,7.769],[99.784,7.76],[99.788,7.701],[99.818,7.679],[99.817,7.658],[99.81,7.649],[99.785,7.644],[99.81,7.622],[99.797,7.591],[99.836,7.547],[99.82,7.519],[99.822,7.509],[99.853,7.481],[99.849,7.465],[99.858,7.459],[99.861,7.441],[99.902,7.388],[99.895,7.365],[99.904,7.354],[99.907,7.326],[99.938,7.318],[99.946,7.265],[99.933,7.243],[99.949,7.204],[99.959,7.198],[99.888,7.184],[99.874,7.171],[99.85,7.164],[99.831,7.138],[99.799,7.129],[99.787,7.14],[99.783,7.128],[99.76,7.125],[99.732,7.133],[99.721,7.128],[99.714,7.134],[99.698,7.131],[99.667,7.114],[99.67,7.125],[99.66,7.161],[99.641,7.167]]],[[[99.292,7.39],[99.314,7.375],[99.306,7.37],[99.301,7.353],[99.282,7.367],[99.288,7.376],[99.28,7.388],[99.292,7.39]]],[[[99.254,7.298],[99.248,7.334],[99.259,7.309],[99.254,7.298]]],[[[99.304,7.496],[99.302,7.49],[99.297,7.494],[99.304,7.496]]]]}},{"type":"Feature","properties":{"code":"93","name":"พัทลุง"},"geometry":{"type":"MultiPolygon","coordinates":[[[[100.174,7.175],[100.156,7.15],[100.136,7.154],[100.121,7.167],[100.111,7.167],[100.089,7.15],[100.075,7.149],[100.063,7.139],[100.066,7.112],[100.038,7.109],[100.028,7.09],[100.024,7.104],[99.997,7.116],[99.972,7.149],[99.969,7.165],[99.958,7.177],[99.959,7.198],[99.949,7.204],[99.933,7.243],[99.946,7.265],[99.938,7.318],[99.907,7.326],[99.904,7.354],[99.895,7.365],[99.902,7.388],[99.861,7.441],[99.858,7.459],[99.849,7.465],[99.853,7.481],[99.822,7.509],[99.82,7.519],[99.836,7.547],[99.799,7.585],[99.81,7.622],[99.785,7.644],[99.81,7.649],[99.817,7.658],[99.818,7.679],[99.788,7.701],[99.784,7.76],[99.767,7.769],[99.771,7.789],[99.749,7.836],[99.737,7.839],[99.732,7.849],[99.738,7.861],[99.75,7.855],[99.763,7.861],[99.783,7.857],[99.806,7.891],[99.819,7.885],[99.883,7.892],[99.914,7.871],[99.941,7.878],[99.953,7.897],[99.995,7.856],[100.034,7.847],[100.047,7.837],[100.071,7.842],[100.107,7.879],[100.131,7.877],[100.141,7.868],[100.173,7.881],[100.178,7.876],[100.195,7.803],[100.218,7.784],[100.217,7.728],[100.237,7.539],[100.257,7.501],[100.299,7.499],[100.355,7.528],[100.385,7.506],[100.383,7.425],[100.399,7.4],[100.411,7.339],[100.428,7.309],[100.425,7.281],[100.398,7.265],[100.383,7.279],[100.378,7.313],[100.358,7.301],[100.361,7.281],[100.341,7.271],[100.342,7.252],[100.334,7.241],[100.317,7.232],[100.304,7.209],[100.281,7.211],[100.259,7.198],[100.22,7.192],[100.174,7.175]]]]}},{"type":"Feature","properties":{"code":"90","name":"สงขลา"},"geometry":{"type":"MultiPolygon","coordinates":[[[[100.975,6.48],[100.973,6.468],[100.964,6.469],[100.959,6.452],[100.952,6.452],[100.949,6.443],[100.933,6.445],[100.922,6.426],[100.917,6.397],[100.928,6.365],[100.92,6.345],[100.929,6.322],[100.918,6.319],[100.911,6.304],[100.896,6.303],[100.888,6.296],[100.865,6.297],[100.849,6.289],[100.843,6.308],[100.849,6.315],[100.822,6.357],[100.824,6.405],[100.811,6.445],[100.791,6.449],[100.776,6.463],[100.768,6.456],[100.752,6.459],[100.744,6.47],[100.739,6.491],[100.743,6.5],[100.736,6.51],[100.709,6.471],[100.697,6.471],[100.697,6.466],[100.686,6.465],[100.684,6.454],[100.662,6.451],[100.653,6.443],[100.643,6.449],[100.646,6.459],[100.618,6.46],[100.608,6.472],[100.603,6.469],[100.595,6.478],[100.573,6.483],[100.562,6.496],[100.549,6.485],[100.543,6.492],[100.519,6.489],[100.494,6.508],[100.494,6.523],[100.489,6.526],[100.469,6.521],[100.459,6.532],[100.421,6.519],[100.402,6.537],[100.388,6.536],[100.373,6.545],[100.367,6.54],[100.351,6.573],[100.345,6.572],[100.335,6.585],[100.325,6.587],[100.316,6.604],[100.304,6.605],[100.325,6.623],[100.317,6.637],[100.327,6.665],[100.309,6.667],[100.301,6.68],[100.295,6.68],[100.291,6.71],[100.264,6.699],[100.257,6.711],[100.243,6.694],[100.229,6.694],[100.218,6.704],[100.214,6.72],[100.207,6.721],[100.207,6.75],[100.214,6.766],[100.199,6.777],[100.192,6.809],[100.22,6.871],[100.207,6.896],[100.191,6.911],[100.163,6.914],[100.149,6.923],[100.122,6.924],[100.12,6.936],[100.101,6.949],[100.095,6.965],[100.079,6.963],[100.083,6.999],[100.063,7.021],[100.064,7.034],[100.079,7.042],[100.069,7.048],[100.073,7.051],[100.064,7.059],[100.063,7.085],[100.055,7.097],[100.057,7.108],[100.066,7.112],[100.063,7.139],[100.075,7.149],[100.089,7.15],[100.111,7.167],[100.121,7.167],[100.136,7.154],[100.156,7.15],[100.174,7.175],[100.22,7.192],[100.259,7.198],[100.281,7.211],[100.304,7.209],[100.317,7.232],[100.334,7.241],[100.342,7.252],[100.341,7.271],[100.361,7.281],[100.358,7.301],[100.378,7.313],[100.383,7.279],[100.398,7.265],[100.425,7.281],[100.428,7.309],[100.411,7.339],[100.399,7.4],[100.383,7.425],[100.385,7.506],[100.355,7.528],[100.299,7.499],[100.257,7.501],[100.237,7.539],[100.217,7.728],[100.218,7.784],[100.195,7.803],[100.178,7.876],[100.235,7.884],[100.267,7.906],[100.266,7.914],[100.307,7.914],[100.312,7.936],[100.337,7.932],[100.412,7.601],[100.452,7.454],[100.504,7.326],[100.541,7.261],[100.579,7.236],[100.586,7.218],[100.597,7.216],[100.674,7.101],[100.742,7.011],[100.775,6.977],[100.804,6.958],[100.825,6.952],[100.849,6.962],[100.931,6.893],[100.984,6.864],[101.015,6.855],[101.064,6.857],[101.044,6.848],[101.044,6.838],[101.049,6.837],[101.039,6.818],[101.041,6.795],[101.029,6.779],[101.032,6.74],[101.019,6.725],[101.043,6.72],[101.063,6.701],[101.062,6.69],[101.073,6.686],[101.057,6.678],[101.049,6.663],[101.069,6.644],[101.092,6.641],[101.108,6.629],[101.084,6.604],[101.081,6.556],[101.069,6.544],[101.043,6.542],[101.044,6.525],[101.036,6.517],[101.046,6.489],[101.022,6.482],[100.977,6.486],[100.975,6.48]]]]}},{"type":"Feature","properties":{"code":"58","name":"แม่ฮ่องสอน"},"geometry":{"type":"MultiPolygon","coordinates":[[[[98.047,17.944],[98.06,17.933],[98.049,17.925],[98.045,17.899],[98.057,17.887],[98.055,17.868],[98.069,17.853],[98.073,17.83],[98.104,17.797],[98.132,17.796],[98.148,17.777],[98.136,17.76],[98.14,17.749],[98.149,17.746],[98.153,17.729],[98.145,17.682],[98.126,17.66],[98.09,17.637],[98.063,17.649],[98.058,17.663],[98.047,17.665],[98.041,17.675],[98.032,17.71],[98.023,17.71],[98.028,17.721],[98.015,17.733],[98.014,17.74],[98.022,17.739],[98.012,17.749],[98.01,17.769],[97.996,17.776],[97.996,17.786],[97.989,17.786],[97.995,17.788],[97.986,17.807],[97.991,17.81],[97.98,17.814],[97.98,17.823],[97.975,17.823],[97.983,17.837],[97.971,17.847],[97.969,17.868],[97.911,17.854],[97.899,17.83],[97.905,17.813],[97.847,17.779],[97.813,17.785],[97.796,17.777],[97.786,17.785],[97.762,17.776],[97.723,17.801],[97.718,17.819],[97.7,17.819],[97.672,17.881],[97.688,17.926],[97.705,17.945],[97.736,17.958],[97.736,17.986],[97.701,18.063],[97.693,18.066],[97.687,18.059],[97.681,18.065],[97.68,18.074],[97.69,18.081],[97.678,18.115],[97.676,18.16],[97.65,18.179],[97.61,18.237],[97.612,18.251],[97.639,18.281],[97.622,18.316],[97.575,18.339],[97.558,18.339],[97.55,18.333],[97.532,18.281],[97.501,18.268],[97.446,18.334],[97.442,18.358],[97.452,18.39],[97.441,18.405],[97.425,18.41],[97.417,18.438],[97.399,18.458],[97.384,18.51],[97.347,18.545],[97.344,18.576],[97.362,18.599],[97.363,18.56],[97.404,18.566],[97.409,18.555],[97.427,18.545],[97.429,18.524],[97.437,18.52],[97.445,18.496],[97.468,18.498],[97.483,18.51],[97.492,18.509],[97.501,18.494],[97.518,18.498],[97.535,18.492],[97.546,18.53],[97.564,18.521],[97.572,18.534],[97.605,18.536],[97.614,18.545],[97.619,18.539],[97.623,18.544],[97.615,18.561],[97.627,18.565],[97.636,18.559],[97.651,18.577],[97.701,18.569],[97.722,18.574],[97.732,18.586],[97.743,18.578],[97.768,18.578],[97.769,18.605],[97.774,18.61],[97.767,18.633],[97.772,18.655],[97.767,18.669],[97.774,18.689],[97.757,18.715],[97.752,18.737],[97.764,18.757],[97.754,18.767],[97.748,18.798],[97.753,18.808],[97.739,18.828],[97.749,18.844],[97.748,18.857],[97.74,18.866],[97.741,18.882],[97.721,18.886],[97.704,18.898],[97.689,18.916],[97.69,18.925],[97.671,18.929],[97.669,18.948],[97.684,18.953],[97.692,18.949],[97.708,18.958],[97.705,18.968],[97.722,18.967],[97.739,18.981],[97.736,19.041],[97.762,19.039],[97.771,19.051],[97.765,19.065],[97.77,19.073],[97.792,19.074],[97.812,19.091],[97.837,19.095],[97.841,19.117],[97.835,19.137],[97.844,19.146],[97.839,19.171],[97.845,19.182],[97.838,19.195],[97.846,19.203],[97.842,19.225],[97.827,19.229],[97.827,19.237],[97.815,19.24],[97.81,19.253],[97.783,19.267],[97.791,19.283],[97.802,19.288],[97.811,19.279],[97.826,19.282],[97.832,19.291],[97.843,19.289],[97.841,19.3],[97.83,19.302],[97.822,19.328],[97.798,19.353],[97.804,19.385],[97.786,19.398],[97.814,19.414],[97.839,19.455],[97.858,19.469],[97.861,19.482],[97.872,19.485],[97.873,19.496],[97.888,19.501],[97.876,19.506],[97.868,19.524],[97.855,19.532],[97.862,19.576],[97.88,19.581],[97.903,19.579],[97.943,19.598],[97.96,19.594],[97.975,19.603],[97.974,19.635],[97.984,19.641],[98.0,19.633],[98.027,19.639],[98.038,19.643],[98.045,19.655],[98.043,19.665],[98.032,19.673],[98.029,19.688],[98.035,19.7],[98.025,19.722],[98.032,19.725],[98.038,19.764],[98.034,19.788],[98.04,19.799],[98.034,19.805],[98.049,19.815],[98.058,19.803],[98.068,19.81],[98.085,19.81],[98.084,19.792],[98.091,19.79],[98.101,19.772],[98.139,19.786],[98.151,19.774],[98.184,19.76],[98.186,19.744],[98.203,19.732],[98.217,19.725],[98.229,19.727],[98.238,19.71],[98.232,19.694],[98.247,19.677],[98.269,19.684],[98.293,19.682],[98.324,19.698],[98.372,19.69],[98.393,19.704],[98.407,19.695],[98.46,19.698],[98.467,19.693],[98.472,19.658],[98.497,19.652],[98.522,19.639],[98.527,19.627],[98.54,19.623],[98.537,19.6],[98.542,19.572],[98.566,19.56],[98.568,19.52],[98.575,19.525],[98.587,19.515],[98.599,19.47],[98.585,19.444],[98.59,19.424],[98.586,19.415],[98.596,19.407],[98.587,19.398],[98.577,19.398],[98.573,19.388],[98.581,19.366],[98.595,19.353],[98.59,19.353],[98.594,19.34],[98.589,19.333],[98.601,19.315],[98.594,19.289],[98.602,19.278],[98.587,19.255],[98.598,19.229],[98.582,19.217],[98.569,19.216],[98.569,19.207],[98.582,19.189],[98.605,19.181],[98.608,19.173],[98.621,19.169],[98.622,19.158],[98.633,19.156],[98.632,19.142],[98.652,19.094],[98.633,19.062],[98.603,19.053],[98.595,19.044],[98.567,19.045],[98.564,19.038],[98.555,19.038],[98.541,19.025],[98.438,19.048],[98.421,19.028],[98.401,19.036],[98.386,19.062],[98.373,19.065],[98.371,19.086],[98.351,19.097],[98.343,19.123],[98.35,19.132],[98.339,19.142],[98.343,19.153],[98.265,19.153],[98.253,19.161],[98.243,19.153],[98.24,19.14],[98.241,19.127],[98.252,19.114],[98.249,19.107],[98.226,19.088],[98.205,19.049],[98.185,19.032],[98.186,19.015],[98.169,18.999],[98.164,18.981],[98.173,18.951],[98.166,18.939],[98.157,18.937],[98.156,18.92],[98.144,18.912],[98.129,18.912],[98.092,18.869],[98.078,18.821],[98.088,18.805],[98.085,18.796],[98.093,18.777],[98.107,18.78],[98.122,18.774],[98.12,18.758],[98.094,18.738],[98.102,18.736],[98.108,18.714],[98.1,18.705],[98.105,18.677],[98.112,18.67],[98.106,18.649],[98.118,18.635],[98.146,18.638],[98.163,18.626],[98.183,18.625],[98.183,18.609],[98.211,18.607],[98.212,18.591],[98.226,18.588],[98.237,18.572],[98.232,18.558],[98.209,18.537],[98.185,18.549],[98.174,18.547],[98.17,18.529],[98.175,18.523],[98.164,18.525],[98.154,18.512],[98.146,18.514],[98.121,18.501],[98.105,18.458],[98.083,18.447],[98.074,18.429],[98.081,18.418],[98.095,18.42],[98.126,18.406],[98.123,18.395],[98.136,18.385],[98.145,18.363],[98.198,18.332],[98.208,18.306],[98.202,18.291],[98.193,18.285],[98.152,18.286],[98.139,18.281],[98.139,18.24],[98.153,18.225],[98.172,18.218],[98.167,18.204],[98.177,18.192],[98.167,18.183],[98.167,18.168],[98.157,18.166],[98.16,18.157],[98.181,18.153],[98.193,18.097],[98.213,18.087],[98.231,18.098],[98.229,18.089],[98.242,18.088],[98.252,18.065],[98.231,18.037],[98.234,18.034],[98.221,18.024],[98.225,18.015],[98.242,18.011],[98.246,17.989],[98.228,17.99],[98.162,17.971],[98.144,17.936],[98.133,17.946],[98.089,17.963],[98.047,17.944]]]]}},{"type":"Feature","properties":{"code":"91","name":"สตูล"},"geometry":{"type":"MultiPolygon","coordinates":[[[[99.347,6.557],[99.342,6.572],[99.349,6.563],[99.347,6.557]]],[[[100.159,6.569],[100.153,6.556],[100.159,6.48],[100.145,6.469],[100.148,6.453],[100.136,6.445],[100.133,6.429],[100.122,6.423],[100.101,6.497],[100.084,6.497],[100.098,6.517],[100.095,6.542],[100.1,6.551],[100.09,6.549],[100.076,6.558],[100.062,6.517],[100.05,6.521],[100.01,6.557],[99.98,6.557],[99.955,6.538],[99.856,6.569],[99.844,6.594],[99.916,6.644],[99.922,6.687],[99.907,6.705],[99.913,6.712],[99.908,6.719],[99.874,6.72],[99.857,6.743],[99.841,6.745],[99.84,6.779],[99.809,6.772],[99.797,6.814],[99.783,6.834],[99.769,6.842],[99.754,6.833],[99.748,6.842],[99.722,6.855],[99.721,6.862],[99.701,6.86],[99.712,6.873],[99.696,6.872],[99.685,6.897],[99.678,6.9],[99.683,6.911],[99.681,6.946],[99.705,6.959],[99.698,6.968],[99.683,6.96],[99.686,6.973],[99.67,7.002],[99.684,7.015],[99.676,7.021],[99.669,7.044],[99.695,7.079],[99.701,7.067],[99.716,7.09],[99.71,7.103],[99.726,7.113],[99.734,7.11],[99.735,7.131],[99.76,7.125],[99.783,7.128],[99.787,7.14],[99.799,7.129],[99.831,7.138],[99.85,7.164],[99.874,7.171],[99.888,7.184],[99.959,7.198],[99.956,7.19],[99.962,7.167],[99.969,7.165],[99.972,7.149],[99.997,7.116],[100.024,7.104],[100.028,7.09],[100.038,7.109],[100.057,7.108],[100.064,7.059],[100.073,7.051],[100.069,7.048],[100.079,7.042],[100.064,7.034],[100.063,7.021],[100.083,6.999],[100.079,6.963],[100.095,6.965],[100.101,6.949],[100.12,6.936],[100.122,6.924],[100.149,6.923],[100.163,6.914],[100.191,6.911],[100.22,6.871],[100.192,6.809],[100.192,6.792],[100.199,6.777],[100.214,6.766],[100.214,6.758],[100.207,6.75],[100.204,6.727],[100.186,6.718],[100.178,6.697],[100.172,6.694],[100.179,6.683],[100.181,6.655],[100.168,6.648],[100.166,6.631],[100.17,6.608],[100.18,6.601],[100.183,6.574],[100.175,6.568],[100.156,6.58],[100.159,6.569]]],[[[99.444,6.556],[99.45,6.575],[99.457,6.576],[99.444,6.556]]],[[[99.457,6.578],[99.451,6.587],[99.456,6.587],[99.457,6.578]]],[[[99.308,6.495],[99.309,6.479],[99.301,6.488],[99.283,6.482],[99.308,6.495]]],[[[99.693,6.527],[99.693,6.518],[99.689,6.524],[99.693,6.527]]],[[[99.162,6.538],[99.184,6.521],[99.175,6.517],[99.157,6.523],[99.153,6.535],[99.157,6.543],[99.162,6.538]]],[[[99.248,6.582],[99.257,6.571],[99.257,6.557],[99.221,6.54],[99.202,6.54],[99.191,6.547],[99.172,6.542],[99.164,6.549],[99.166,6.554],[99.175,6.547],[99.183,6.548],[99.18,6.556],[99.19,6.562],[99.194,6.578],[99.216,6.575],[99.248,6.582]]],[[[99.277,6.579],[99.297,6.566],[99.316,6.565],[99.314,6.558],[99.326,6.553],[99.322,6.543],[99.323,6.524],[99.314,6.509],[99.283,6.509],[99.285,6.525],[99.273,6.559],[99.277,6.579]]],[[[99.649,6.737],[99.663,6.717],[99.665,6.703],[99.672,6.697],[99.677,6.702],[99.684,6.685],[99.684,6.64],[99.677,6.631],[99.678,6.617],[99.687,6.603],[99.692,6.606],[99.691,6.567],[99.698,6.551],[99.693,6.53],[99.676,6.54],[99.666,6.531],[99.673,6.512],[99.665,6.514],[99.654,6.503],[99.644,6.519],[99.639,6.547],[99.624,6.567],[99.614,6.567],[99.596,6.598],[99.6,6.612],[99.613,6.619],[99.619,6.646],[99.614,6.661],[99.627,6.663],[99.639,6.676],[99.645,6.703],[99.639,6.735],[99.645,6.741],[99.649,6.737]]],[[[99.864,6.669],[99.844,6.652],[99.847,6.668],[99.864,6.669]]],[[[99.662,6.726],[99.657,6.734],[99.663,6.727],[99.662,6.726]]],[[[99.696,6.853],[99.698,6.829],[99.691,6.815],[99.686,6.82],[99.683,6.841],[99.696,6.853]]],[[[99.672,6.712],[99.671,6.706],[99.67,6.711],[99.672,6.712]]],[[[99.881,6.702],[99.873,6.705],[99.887,6.709],[99.881,6.702]]],[[[99.899,6.71],[99.89,6.709],[99.906,6.715],[99.899,6.71]]],[[[99.86,6.696],[99.858,6.691],[99.857,6.696],[99.86,6.696]]],[[[99.865,6.679],[99.858,6.679],[99.864,6.691],[99.865,6.679]]],[[[99.91,6.703],[99.915,6.696],[99.908,6.69],[99.904,6.706],[99.912,6.713],[99.906,6.707],[99.91,6.703]]],[[[99.876,6.717],[99.888,6.713],[99.874,6.711],[99.876,6.717]]],[[[99.89,6.715],[99.883,6.717],[99.893,6.716],[99.89,6.715]]],[[[99.822,6.72],[99.81,6.712],[99.805,6.715],[99.822,6.72]]],[[[99.856,6.732],[99.867,6.708],[99.855,6.707],[99.847,6.704],[99.841,6.71],[99.847,6.732],[99.856,6.732]]]]}}]}